Legend: ,Response = 1 means Face F0 of F2  was correctly judeged to be fake ,,
, ,,
ParticipantID,Context,TrialNumber,Response
F0_R1_P01,F0_R1,1,1
F0_R1_P01,F0_R1,2,0
F0_R1_P01,F0_R1,3,0
F0_R1_P01,F0_R1,4,0
F0_R1_P01,F0_R1,5,1
F0_R1_P01,F0_R1,6,1
F0_R1_P01,F0_R1,7,1
F0_R1_P01,F0_R1,8,1
F0_R1_P01,F0_R1,9,0
F0_R1_P01,F0_R1,10,1
F0_R1_P01,F0_R1,11,1
F0_R1_P01,F0_R1,12,1
F0_R1_P01,F0_R1,13,0
F0_R1_P01,F0_R1,14,1
F0_R1_P01,F0_R1,15,1
F0_R1_P01,F0_R1,16,1
F0_R1_P01,F0_R1,17,1
F0_R1_P01,F0_R1,18,0
F0_R1_P01,F0_R1,19,0
F0_R1_P01,F0_R1,20,0
F0_R1_P02,F0_R1,1,0
F0_R1_P02,F0_R1,2,1
F0_R1_P02,F0_R1,3,1
F0_R1_P02,F0_R1,4,0
F0_R1_P02,F0_R1,5,0
F0_R1_P02,F0_R1,6,1
F0_R1_P02,F0_R1,7,1
F0_R1_P02,F0_R1,8,1
F0_R1_P02,F0_R1,9,0
F0_R1_P02,F0_R1,10,0
F0_R1_P02,F0_R1,11,1
F0_R1_P02,F0_R1,12,1
F0_R1_P02,F0_R1,13,0
F0_R1_P02,F0_R1,14,1
F0_R1_P02,F0_R1,15,0
F0_R1_P02,F0_R1,16,1
F0_R1_P02,F0_R1,17,0
F0_R1_P02,F0_R1,18,0
F0_R1_P02,F0_R1,19,0
F0_R1_P02,F0_R1,20,0
F0_R1_P03,F0_R1,1,1
F0_R1_P03,F0_R1,2,1
F0_R1_P03,F0_R1,3,1
F0_R1_P03,F0_R1,4,0
F0_R1_P03,F0_R1,5,1
F0_R1_P03,F0_R1,6,0
F0_R1_P03,F0_R1,7,1
F0_R1_P03,F0_R1,8,1
F0_R1_P03,F0_R1,9,0
F0_R1_P03,F0_R1,10,1
F0_R1_P03,F0_R1,11,1
F0_R1_P03,F0_R1,12,1
F0_R1_P03,F0_R1,13,0
F0_R1_P03,F0_R1,14,0
F0_R1_P03,F0_R1,15,0
F0_R1_P03,F0_R1,16,0
F0_R1_P03,F0_R1,17,0
F0_R1_P03,F0_R1,18,0
F0_R1_P03,F0_R1,19,1
F0_R1_P03,F0_R1,20,1
F0_R1_P04,F0_R1,1,0
F0_R1_P04,F0_R1,2,0
F0_R1_P04,F0_R1,3,1
F0_R1_P04,F0_R1,4,1
F0_R1_P04,F0_R1,5,1
F0_R1_P04,F0_R1,6,1
F0_R1_P04,F0_R1,7,1
F0_R1_P04,F0_R1,8,1
F0_R1_P04,F0_R1,9,0
F0_R1_P04,F0_R1,10,1
F0_R1_P04,F0_R1,11,1
F0_R1_P04,F0_R1,12,1
F0_R1_P04,F0_R1,13,0
F0_R1_P04,F0_R1,14,1
F0_R1_P04,F0_R1,15,0
F0_R1_P04,F0_R1,16,1
F0_R1_P04,F0_R1,17,0
F0_R1_P04,F0_R1,18,0
F0_R1_P04,F0_R1,19,1
F0_R1_P04,F0_R1,20,1
F0_R1_P05,F0_R1,1,1
F0_R1_P05,F0_R1,2,0
F0_R1_P05,F0_R1,3,0
F0_R1_P05,F0_R1,4,1
F0_R1_P05,F0_R1,5,1
F0_R1_P05,F0_R1,6,1
F0_R1_P05,F0_R1,7,0
F0_R1_P05,F0_R1,8,0
F0_R1_P05,F0_R1,9,1
F0_R1_P05,F0_R1,10,0
F0_R1_P05,F0_R1,11,0
F0_R1_P05,F0_R1,12,0
F0_R1_P05,F0_R1,13,0
F0_R1_P05,F0_R1,14,0
F0_R1_P05,F0_R1,15,0
F0_R1_P05,F0_R1,16,0
F0_R1_P05,F0_R1,17,0
F0_R1_P05,F0_R1,18,0
F0_R1_P05,F0_R1,19,0
F0_R1_P05,F0_R1,20,0
F0_R1_P06,F0_R1,1,0
F0_R1_P06,F0_R1,2,1
F0_R1_P06,F0_R1,3,0
F0_R1_P06,F0_R1,4,1
F0_R1_P06,F0_R1,5,1
F0_R1_P06,F0_R1,6,1
F0_R1_P06,F0_R1,7,1
F0_R1_P06,F0_R1,8,1
F0_R1_P06,F0_R1,9,1
F0_R1_P06,F0_R1,10,0
F0_R1_P06,F0_R1,11,0
F0_R1_P06,F0_R1,12,0
F0_R1_P06,F0_R1,13,0
F0_R1_P06,F0_R1,14,0
F0_R1_P06,F0_R1,15,1
F0_R1_P06,F0_R1,16,0
F0_R1_P06,F0_R1,17,0
F0_R1_P06,F0_R1,18,0
F0_R1_P06,F0_R1,19,0
F0_R1_P06,F0_R1,20,0
F0_R1_P07,F0_R1,1,1
F0_R1_P07,F0_R1,2,1
F0_R1_P07,F0_R1,3,0
F0_R1_P07,F0_R1,4,0
F0_R1_P07,F0_R1,5,1
F0_R1_P07,F0_R1,6,1
F0_R1_P07,F0_R1,7,1
F0_R1_P07,F0_R1,8,1
F0_R1_P07,F0_R1,9,0
F0_R1_P07,F0_R1,10,1
F0_R1_P07,F0_R1,11,1
F0_R1_P07,F0_R1,12,1
F0_R1_P07,F0_R1,13,0
F0_R1_P07,F0_R1,14,1
F0_R1_P07,F0_R1,15,1
F0_R1_P07,F0_R1,16,1
F0_R1_P07,F0_R1,17,1
F0_R1_P07,F0_R1,18,1
F0_R1_P07,F0_R1,19,1
F0_R1_P07,F0_R1,20,0
F0_R1_P08,F0_R1,1,1
F0_R1_P08,F0_R1,2,1
F0_R1_P08,F0_R1,3,0
F0_R1_P08,F0_R1,4,0
F0_R1_P08,F0_R1,5,1
F0_R1_P08,F0_R1,6,1
F0_R1_P08,F0_R1,7,1
F0_R1_P08,F0_R1,8,0
F0_R1_P08,F0_R1,9,1
F0_R1_P08,F0_R1,10,0
F0_R1_P08,F0_R1,11,1
F0_R1_P08,F0_R1,12,0
F0_R1_P08,F0_R1,13,0
F0_R1_P08,F0_R1,14,0
F0_R1_P08,F0_R1,15,1
F0_R1_P08,F0_R1,16,0
F0_R1_P08,F0_R1,17,0
F0_R1_P08,F0_R1,18,0
F0_R1_P08,F0_R1,19,1
F0_R1_P08,F0_R1,20,0
F0_R1_P09,F0_R1,1,1
F0_R1_P09,F0_R1,2,0
F0_R1_P09,F0_R1,3,0
F0_R1_P09,F0_R1,4,0
F0_R1_P09,F0_R1,5,1
F0_R1_P09,F0_R1,6,0
F0_R1_P09,F0_R1,7,0
F0_R1_P09,F0_R1,8,1
F0_R1_P09,F0_R1,9,0
F0_R1_P09,F0_R1,10,0
F0_R1_P09,F0_R1,11,1
F0_R1_P09,F0_R1,12,1
F0_R1_P09,F0_R1,13,1
F0_R1_P09,F0_R1,14,0
F0_R1_P09,F0_R1,15,0
F0_R1_P09,F0_R1,16,1
F0_R1_P09,F0_R1,17,1
F0_R1_P09,F0_R1,18,1
F0_R1_P09,F0_R1,19,0
F0_R1_P09,F0_R1,20,0
F0_R1_P10,F0_R1,1,1
F0_R1_P10,F0_R1,2,1
F0_R1_P10,F0_R1,3,1
F0_R1_P10,F0_R1,4,0
F0_R1_P10,F0_R1,5,1
F0_R1_P10,F0_R1,6,1
F0_R1_P10,F0_R1,7,1
F0_R1_P10,F0_R1,8,1
F0_R1_P10,F0_R1,9,1
F0_R1_P10,F0_R1,10,1
F0_R1_P10,F0_R1,11,1
F0_R1_P10,F0_R1,12,1
F0_R1_P10,F0_R1,13,0
F0_R1_P10,F0_R1,14,1
F0_R1_P10,F0_R1,15,0
F0_R1_P10,F0_R1,16,0
F0_R1_P10,F0_R1,17,1
F0_R1_P10,F0_R1,18,1
F0_R1_P10,F0_R1,19,1
F0_R1_P10,F0_R1,20,0
F0_R1_P11,F0_R1,1,1
F0_R1_P11,F0_R1,2,0
F0_R1_P11,F0_R1,3,0
F0_R1_P11,F0_R1,4,0
F0_R1_P11,F0_R1,5,1
F0_R1_P11,F0_R1,6,1
F0_R1_P11,F0_R1,7,0
F0_R1_P11,F0_R1,8,0
F0_R1_P11,F0_R1,9,0
F0_R1_P11,F0_R1,10,0
F0_R1_P11,F0_R1,11,1
F0_R1_P11,F0_R1,12,0
F0_R1_P11,F0_R1,13,0
F0_R1_P11,F0_R1,14,1
F0_R1_P11,F0_R1,15,1
F0_R1_P11,F0_R1,16,1
F0_R1_P11,F0_R1,17,1
F0_R1_P11,F0_R1,18,0
F0_R1_P11,F0_R1,19,0
F0_R1_P11,F0_R1,20,0
F0_R1_P12,F0_R1,1,0
F0_R1_P12,F0_R1,2,1
F0_R1_P12,F0_R1,3,1
F0_R1_P12,F0_R1,4,0
F0_R1_P12,F0_R1,5,1
F0_R1_P12,F0_R1,6,0
F0_R1_P12,F0_R1,7,0
F0_R1_P12,F0_R1,8,0
F0_R1_P12,F0_R1,9,1
F0_R1_P12,F0_R1,10,0
F0_R1_P12,F0_R1,11,0
F0_R1_P12,F0_R1,12,0
F0_R1_P12,F0_R1,13,0
F0_R1_P12,F0_R1,14,0
F0_R1_P12,F0_R1,15,1
F0_R1_P12,F0_R1,16,1
F0_R1_P12,F0_R1,17,0
F0_R1_P12,F0_R1,18,1
F0_R1_P12,F0_R1,19,0
F0_R1_P12,F0_R1,20,0
F0_R1_P13,F0_R1,1,1
F0_R1_P13,F0_R1,2,1
F0_R1_P13,F0_R1,3,1
F0_R1_P13,F0_R1,4,0
F0_R1_P13,F0_R1,5,1
F0_R1_P13,F0_R1,6,0
F0_R1_P13,F0_R1,7,1
F0_R1_P13,F0_R1,8,1
F0_R1_P13,F0_R1,9,0
F0_R1_P13,F0_R1,10,0
F0_R1_P13,F0_R1,11,1
F0_R1_P13,F0_R1,12,1
F0_R1_P13,F0_R1,13,0
F0_R1_P13,F0_R1,14,1
F0_R1_P13,F0_R1,15,0
F0_R1_P13,F0_R1,16,1
F0_R1_P13,F0_R1,17,0
F0_R1_P13,F0_R1,18,0
F0_R1_P13,F0_R1,19,0
F0_R1_P13,F0_R1,20,0
F0_R1_P14,F0_R1,1,1
F0_R1_P14,F0_R1,2,0
F0_R1_P14,F0_R1,3,0
F0_R1_P14,F0_R1,4,0
F0_R1_P14,F0_R1,5,0
F0_R1_P14,F0_R1,6,1
F0_R1_P14,F0_R1,7,0
F0_R1_P14,F0_R1,8,1
F0_R1_P14,F0_R1,9,0
F0_R1_P14,F0_R1,10,1
F0_R1_P14,F0_R1,11,0
F0_R1_P14,F0_R1,12,1
F0_R1_P14,F0_R1,13,0
F0_R1_P14,F0_R1,14,1
F0_R1_P14,F0_R1,15,1
F0_R1_P14,F0_R1,16,1
F0_R1_P14,F0_R1,17,1
F0_R1_P14,F0_R1,18,0
F0_R1_P14,F0_R1,19,1
F0_R1_P14,F0_R1,20,0
F0_R1_P15,F0_R1,1,0
F0_R1_P15,F0_R1,2,0
F0_R1_P15,F0_R1,3,0
F0_R1_P15,F0_R1,4,0
F0_R1_P15,F0_R1,5,0
F0_R1_P15,F0_R1,6,1
F0_R1_P15,F0_R1,7,1
F0_R1_P15,F0_R1,8,0
F0_R1_P15,F0_R1,9,0
F0_R1_P15,F0_R1,10,0
F0_R1_P15,F0_R1,11,1
F0_R1_P15,F0_R1,12,0
F0_R1_P15,F0_R1,13,0
F0_R1_P15,F0_R1,14,0
F0_R1_P15,F0_R1,15,1
F0_R1_P15,F0_R1,16,0
F0_R1_P15,F0_R1,17,1
F0_R1_P15,F0_R1,18,0
F0_R1_P15,F0_R1,19,0
F0_R1_P15,F0_R1,20,0
F0_R1_P16,F0_R1,1,1
F0_R1_P16,F0_R1,2,0
F0_R1_P16,F0_R1,3,0
F0_R1_P16,F0_R1,4,0
F0_R1_P16,F0_R1,5,1
F0_R1_P16,F0_R1,6,0
F0_R1_P16,F0_R1,7,0
F0_R1_P16,F0_R1,8,1
F0_R1_P16,F0_R1,9,0
F0_R1_P16,F0_R1,10,0
F0_R1_P16,F0_R1,11,1
F0_R1_P16,F0_R1,12,1
F0_R1_P16,F0_R1,13,0
F0_R1_P16,F0_R1,14,0
F0_R1_P16,F0_R1,15,0
F0_R1_P16,F0_R1,16,0
F0_R1_P16,F0_R1,17,1
F0_R1_P16,F0_R1,18,1
F0_R1_P16,F0_R1,19,0
F0_R1_P16,F0_R1,20,0
F0_R1_P17,F0_R1,1,1
F0_R1_P17,F0_R1,2,1
F0_R1_P17,F0_R1,3,0
F0_R1_P17,F0_R1,4,1
F0_R1_P17,F0_R1,5,1
F0_R1_P17,F0_R1,6,1
F0_R1_P17,F0_R1,7,1
F0_R1_P17,F0_R1,8,1
F0_R1_P17,F0_R1,9,1
F0_R1_P17,F0_R1,10,1
F0_R1_P17,F0_R1,11,1
F0_R1_P17,F0_R1,12,0
F0_R1_P17,F0_R1,13,0
F0_R1_P17,F0_R1,14,0
F0_R1_P17,F0_R1,15,0
F0_R1_P17,F0_R1,16,0
F0_R1_P17,F0_R1,17,0
F0_R1_P17,F0_R1,18,1
F0_R1_P17,F0_R1,19,1
F0_R1_P17,F0_R1,20,1
F0_R1_P18,F0_R1,1,0
F0_R1_P18,F0_R1,2,0
F0_R1_P18,F0_R1,3,0
F0_R1_P18,F0_R1,4,0
F0_R1_P18,F0_R1,5,0
F0_R1_P18,F0_R1,6,0
F0_R1_P18,F0_R1,7,1
F0_R1_P18,F0_R1,8,0
F0_R1_P18,F0_R1,9,0
F0_R1_P18,F0_R1,10,0
F0_R1_P18,F0_R1,11,0
F0_R1_P18,F0_R1,12,0
F0_R1_P18,F0_R1,13,0
F0_R1_P18,F0_R1,14,0
F0_R1_P18,F0_R1,15,0
F0_R1_P18,F0_R1,16,1
F0_R1_P18,F0_R1,17,0
F0_R1_P18,F0_R1,18,0
F0_R1_P18,F0_R1,19,0
F0_R1_P18,F0_R1,20,0
F0_R1_P19,F0_R1,1,1
F0_R1_P19,F0_R1,2,0
F0_R1_P19,F0_R1,3,0
F0_R1_P19,F0_R1,4,0
F0_R1_P19,F0_R1,5,0
F0_R1_P19,F0_R1,6,0
F0_R1_P19,F0_R1,7,1
F0_R1_P19,F0_R1,8,1
F0_R1_P19,F0_R1,9,0
F0_R1_P19,F0_R1,10,0
F0_R1_P19,F0_R1,11,0
F0_R1_P19,F0_R1,12,1
F0_R1_P19,F0_R1,13,1
F0_R1_P19,F0_R1,14,0
F0_R1_P19,F0_R1,15,1
F0_R1_P19,F0_R1,16,0
F0_R1_P19,F0_R1,17,1
F0_R1_P19,F0_R1,18,0
F0_R1_P19,F0_R1,19,0
F0_R1_P19,F0_R1,20,0
F0_R1_P20,F0_R1,1,1
F0_R1_P20,F0_R1,2,1
F0_R1_P20,F0_R1,3,1
F0_R1_P20,F0_R1,4,0
F0_R1_P20,F0_R1,5,1
F0_R1_P20,F0_R1,6,1
F0_R1_P20,F0_R1,7,1
F0_R1_P20,F0_R1,8,0
F0_R1_P20,F0_R1,9,0
F0_R1_P20,F0_R1,10,1
F0_R1_P20,F0_R1,11,1
F0_R1_P20,F0_R1,12,0
F0_R1_P20,F0_R1,13,0
F0_R1_P20,F0_R1,14,1
F0_R1_P20,F0_R1,15,1
F0_R1_P20,F0_R1,16,1
F0_R1_P20,F0_R1,17,1
F0_R1_P20,F0_R1,18,0
F0_R1_P20,F0_R1,19,0
F0_R1_P20,F0_R1,20,0
F0_R1_P21,F0_R1,1,0
F0_R1_P21,F0_R1,2,0
F0_R1_P21,F0_R1,3,0
F0_R1_P21,F0_R1,4,0
F0_R1_P21,F0_R1,5,1
F0_R1_P21,F0_R1,6,0
F0_R1_P21,F0_R1,7,1
F0_R1_P21,F0_R1,8,1
F0_R1_P21,F0_R1,9,0
F0_R1_P21,F0_R1,10,0
F0_R1_P21,F0_R1,11,1
F0_R1_P21,F0_R1,12,1
F0_R1_P21,F0_R1,13,0
F0_R1_P21,F0_R1,14,1
F0_R1_P21,F0_R1,15,0
F0_R1_P21,F0_R1,16,1
F0_R1_P21,F0_R1,17,1
F0_R1_P21,F0_R1,18,0
F0_R1_P21,F0_R1,19,0
F0_R1_P21,F0_R1,20,0
F0_R1_P22,F0_R1,1,0
F0_R1_P22,F0_R1,2,1
F0_R1_P22,F0_R1,3,0
F0_R1_P22,F0_R1,4,1
F0_R1_P22,F0_R1,5,0
F0_R1_P22,F0_R1,6,1
F0_R1_P22,F0_R1,7,1
F0_R1_P22,F0_R1,8,1
F0_R1_P22,F0_R1,9,1
F0_R1_P22,F0_R1,10,1
F0_R1_P22,F0_R1,11,1
F0_R1_P22,F0_R1,12,1
F0_R1_P22,F0_R1,13,1
F0_R1_P22,F0_R1,14,0
F0_R1_P22,F0_R1,15,0
F0_R1_P22,F0_R1,16,1
F0_R1_P22,F0_R1,17,0
F0_R1_P22,F0_R1,18,1
F0_R1_P22,F0_R1,19,0
F0_R1_P22,F0_R1,20,0
F0_R1_P23,F0_R1,1,0
F0_R1_P23,F0_R1,2,0
F0_R1_P23,F0_R1,3,0
F0_R1_P23,F0_R1,4,1
F0_R1_P23,F0_R1,5,1
F0_R1_P23,F0_R1,6,0
F0_R1_P23,F0_R1,7,1
F0_R1_P23,F0_R1,8,0
F0_R1_P23,F0_R1,9,1
F0_R1_P23,F0_R1,10,1
F0_R1_P23,F0_R1,11,1
F0_R1_P23,F0_R1,12,0
F0_R1_P23,F0_R1,13,0
F0_R1_P23,F0_R1,14,1
F0_R1_P23,F0_R1,15,0
F0_R1_P23,F0_R1,16,1
F0_R1_P23,F0_R1,17,1
F0_R1_P23,F0_R1,18,0
F0_R1_P23,F0_R1,19,0
F0_R1_P23,F0_R1,20,0
F0_R1_P24,F0_R1,1,0
F0_R1_P24,F0_R1,2,1
F0_R1_P24,F0_R1,3,0
F0_R1_P24,F0_R1,4,1
F0_R1_P24,F0_R1,5,1
F0_R1_P24,F0_R1,6,0
F0_R1_P24,F0_R1,7,1
F0_R1_P24,F0_R1,8,1
F0_R1_P24,F0_R1,9,1
F0_R1_P24,F0_R1,10,1
F0_R1_P24,F0_R1,11,1
F0_R1_P24,F0_R1,12,1
F0_R1_P24,F0_R1,13,0
F0_R1_P24,F0_R1,14,1
F0_R1_P24,F0_R1,15,0
F0_R1_P24,F0_R1,16,1
F0_R1_P24,F0_R1,17,1
F0_R1_P24,F0_R1,18,0
F0_R1_P24,F0_R1,19,0
F0_R1_P24,F0_R1,20,0
F0_R1_P25,F0_R1,1,0
F0_R1_P25,F0_R1,2,0
F0_R1_P25,F0_R1,3,0
F0_R1_P25,F0_R1,4,1
F0_R1_P25,F0_R1,5,1
F0_R1_P25,F0_R1,6,1
F0_R1_P25,F0_R1,7,0
F0_R1_P25,F0_R1,8,1
F0_R1_P25,F0_R1,9,0
F0_R1_P25,F0_R1,10,1
F0_R1_P25,F0_R1,11,1
F0_R1_P25,F0_R1,12,1
F0_R1_P25,F0_R1,13,0
F0_R1_P25,F0_R1,14,0
F0_R1_P25,F0_R1,15,0
F0_R1_P25,F0_R1,16,0
F0_R1_P25,F0_R1,17,0
F0_R1_P25,F0_R1,18,0
F0_R1_P25,F0_R1,19,0
F0_R1_P25,F0_R1,20,0
F0_R1_P26,F0_R1,1,0
F0_R1_P26,F0_R1,2,1
F0_R1_P26,F0_R1,3,0
F0_R1_P26,F0_R1,4,1
F0_R1_P26,F0_R1,5,1
F0_R1_P26,F0_R1,6,1
F0_R1_P26,F0_R1,7,1
F0_R1_P26,F0_R1,8,1
F0_R1_P26,F0_R1,9,0
F0_R1_P26,F0_R1,10,1
F0_R1_P26,F0_R1,11,0
F0_R1_P26,F0_R1,12,1
F0_R1_P26,F0_R1,13,0
F0_R1_P26,F0_R1,14,0
F0_R1_P26,F0_R1,15,1
F0_R1_P26,F0_R1,16,1
F0_R1_P26,F0_R1,17,1
F0_R1_P26,F0_R1,18,1
F0_R1_P26,F0_R1,19,1
F0_R1_P26,F0_R1,20,0
F0_R1_P27,F0_R1,1,1
F0_R1_P27,F0_R1,2,1
F0_R1_P27,F0_R1,3,1
F0_R1_P27,F0_R1,4,0
F0_R1_P27,F0_R1,5,1
F0_R1_P27,F0_R1,6,1
F0_R1_P27,F0_R1,7,1
F0_R1_P27,F0_R1,8,1
F0_R1_P27,F0_R1,9,0
F0_R1_P27,F0_R1,10,1
F0_R1_P27,F0_R1,11,1
F0_R1_P27,F0_R1,12,1
F0_R1_P27,F0_R1,13,0
F0_R1_P27,F0_R1,14,1
F0_R1_P27,F0_R1,15,0
F0_R1_P27,F0_R1,16,0
F0_R1_P27,F0_R1,17,1
F0_R1_P27,F0_R1,18,0
F0_R1_P27,F0_R1,19,1
F0_R1_P27,F0_R1,20,1
F0_R1_P28,F0_R1,1,1
F0_R1_P28,F0_R1,2,1
F0_R1_P28,F0_R1,3,1
F0_R1_P28,F0_R1,4,0
F0_R1_P28,F0_R1,5,1
F0_R1_P28,F0_R1,6,1
F0_R1_P28,F0_R1,7,1
F0_R1_P28,F0_R1,8,1
F0_R1_P28,F0_R1,9,0
F0_R1_P28,F0_R1,10,1
F0_R1_P28,F0_R1,11,1
F0_R1_P28,F0_R1,12,1
F0_R1_P28,F0_R1,13,1
F0_R1_P28,F0_R1,14,1
F0_R1_P28,F0_R1,15,1
F0_R1_P28,F0_R1,16,0
F0_R1_P28,F0_R1,17,0
F0_R1_P28,F0_R1,18,1
F0_R1_P28,F0_R1,19,1
F0_R1_P28,F0_R1,20,0
F0_R1_P29,F0_R1,1,1
F0_R1_P29,F0_R1,2,1
F0_R1_P29,F0_R1,3,0
F0_R1_P29,F0_R1,4,1
F0_R1_P29,F0_R1,5,0
F0_R1_P29,F0_R1,6,1
F0_R1_P29,F0_R1,7,1
F0_R1_P29,F0_R1,8,1
F0_R1_P29,F0_R1,9,0
F0_R1_P29,F0_R1,10,0
F0_R1_P29,F0_R1,11,1
F0_R1_P29,F0_R1,12,1
F0_R1_P29,F0_R1,13,0
F0_R1_P29,F0_R1,14,0
F0_R1_P29,F0_R1,15,1
F0_R1_P29,F0_R1,16,0
F0_R1_P29,F0_R1,17,1
F0_R1_P29,F0_R1,18,0
F0_R1_P29,F0_R1,19,0
F0_R1_P29,F0_R1,20,0
F0_R1_P30,F0_R1,1,0
F0_R1_P30,F0_R1,2,1
F0_R1_P30,F0_R1,3,0
F0_R1_P30,F0_R1,4,1
F0_R1_P30,F0_R1,5,1
F0_R1_P30,F0_R1,6,0
F0_R1_P30,F0_R1,7,0
F0_R1_P30,F0_R1,8,1
F0_R1_P30,F0_R1,9,0
F0_R1_P30,F0_R1,10,1
F0_R1_P30,F0_R1,11,1
F0_R1_P30,F0_R1,12,0
F0_R1_P30,F0_R1,13,1
F0_R1_P30,F0_R1,14,1
F0_R1_P30,F0_R1,15,1
F0_R1_P30,F0_R1,16,0
F0_R1_P30,F0_R1,17,1
F0_R1_P30,F0_R1,18,1
F0_R1_P30,F0_R1,19,1
F0_R1_P30,F0_R1,20,1
F0_R1_P31,F0_R1,1,1
F0_R1_P31,F0_R1,2,1
F0_R1_P31,F0_R1,3,0
F0_R1_P31,F0_R1,4,1
F0_R1_P31,F0_R1,5,1
F0_R1_P31,F0_R1,6,0
F0_R1_P31,F0_R1,7,0
F0_R1_P31,F0_R1,8,0
F0_R1_P31,F0_R1,9,0
F0_R1_P31,F0_R1,10,1
F0_R1_P31,F0_R1,11,1
F0_R1_P31,F0_R1,12,1
F0_R1_P31,F0_R1,13,0
F0_R1_P31,F0_R1,14,0
F0_R1_P31,F0_R1,15,0
F0_R1_P31,F0_R1,16,1
F0_R1_P31,F0_R1,17,0
F0_R1_P31,F0_R1,18,0
F0_R1_P31,F0_R1,19,0
F0_R1_P31,F0_R1,20,0
F0_R1_P32,F0_R1,1,1
F0_R1_P32,F0_R1,2,1
F0_R1_P32,F0_R1,3,1
F0_R1_P32,F0_R1,4,0
F0_R1_P32,F0_R1,5,1
F0_R1_P32,F0_R1,6,1
F0_R1_P32,F0_R1,7,1
F0_R1_P32,F0_R1,8,1
F0_R1_P32,F0_R1,9,0
F0_R1_P32,F0_R1,10,0
F0_R1_P32,F0_R1,11,1
F0_R1_P32,F0_R1,12,1
F0_R1_P32,F0_R1,13,0
F0_R1_P32,F0_R1,14,0
F0_R1_P32,F0_R1,15,0
F0_R1_P32,F0_R1,16,0
F0_R1_P32,F0_R1,17,0
F0_R1_P32,F0_R1,18,1
F0_R1_P32,F0_R1,19,1
F0_R1_P32,F0_R1,20,1
F0_R1_P33,F0_R1,1,1
F0_R1_P33,F0_R1,2,1
F0_R1_P33,F0_R1,3,0
F0_R1_P33,F0_R1,4,0
F0_R1_P33,F0_R1,5,0
F0_R1_P33,F0_R1,6,1
F0_R1_P33,F0_R1,7,0
F0_R1_P33,F0_R1,8,1
F0_R1_P33,F0_R1,9,1
F0_R1_P33,F0_R1,10,0
F0_R1_P33,F0_R1,11,1
F0_R1_P33,F0_R1,12,1
F0_R1_P33,F0_R1,13,0
F0_R1_P33,F0_R1,14,0
F0_R1_P33,F0_R1,15,0
F0_R1_P33,F0_R1,16,1
F0_R1_P33,F0_R1,17,0
F0_R1_P33,F0_R1,18,0
F0_R1_P33,F0_R1,19,0
F0_R1_P33,F0_R1,20,0
F0_R1_P34,F0_R1,1,1
F0_R1_P34,F0_R1,2,1
F0_R1_P34,F0_R1,3,1
F0_R1_P34,F0_R1,4,0
F0_R1_P34,F0_R1,5,1
F0_R1_P34,F0_R1,6,1
F0_R1_P34,F0_R1,7,1
F0_R1_P34,F0_R1,8,1
F0_R1_P34,F0_R1,9,0
F0_R1_P34,F0_R1,10,0
F0_R1_P34,F0_R1,11,1
F0_R1_P34,F0_R1,12,1
F0_R1_P34,F0_R1,13,0
F0_R1_P34,F0_R1,14,0
F0_R1_P34,F0_R1,15,0
F0_R1_P34,F0_R1,16,1
F0_R1_P34,F0_R1,17,0
F0_R1_P34,F0_R1,18,1
F0_R1_P34,F0_R1,19,1
F0_R1_P34,F0_R1,20,0
F0_R1_P35,F0_R1,1,1
F0_R1_P35,F0_R1,2,0
F0_R1_P35,F0_R1,3,0
F0_R1_P35,F0_R1,4,0
F0_R1_P35,F0_R1,5,0
F0_R1_P35,F0_R1,6,0
F0_R1_P35,F0_R1,7,0
F0_R1_P35,F0_R1,8,0
F0_R1_P35,F0_R1,9,0
F0_R1_P35,F0_R1,10,0
F0_R1_P35,F0_R1,11,0
F0_R1_P35,F0_R1,12,0
F0_R1_P35,F0_R1,13,0
F0_R1_P35,F0_R1,14,1
F0_R1_P35,F0_R1,15,0
F0_R1_P35,F0_R1,16,1
F0_R1_P35,F0_R1,17,1
F0_R1_P35,F0_R1,18,0
F0_R1_P35,F0_R1,19,0
F0_R1_P35,F0_R1,20,0
F0_R1_P36,F0_R1,1,0
F0_R1_P36,F0_R1,2,1
F0_R1_P36,F0_R1,3,0
F0_R1_P36,F0_R1,4,0
F0_R1_P36,F0_R1,5,1
F0_R1_P36,F0_R1,6,1
F0_R1_P36,F0_R1,7,0
F0_R1_P36,F0_R1,8,1
F0_R1_P36,F0_R1,9,0
F0_R1_P36,F0_R1,10,1
F0_R1_P36,F0_R1,11,1
F0_R1_P36,F0_R1,12,1
F0_R1_P36,F0_R1,13,0
F0_R1_P36,F0_R1,14,1
F0_R1_P36,F0_R1,15,1
F0_R1_P36,F0_R1,16,0
F0_R1_P36,F0_R1,17,1
F0_R1_P36,F0_R1,18,0
F0_R1_P36,F0_R1,19,1
F0_R1_P36,F0_R1,20,0
F0_R1_P37,F0_R1,1,0
F0_R1_P37,F0_R1,2,0
F0_R1_P37,F0_R1,3,0
F0_R1_P37,F0_R1,4,0
F0_R1_P37,F0_R1,5,0
F0_R1_P37,F0_R1,6,0
F0_R1_P37,F0_R1,7,1
F0_R1_P37,F0_R1,8,0
F0_R1_P37,F0_R1,9,0
F0_R1_P37,F0_R1,10,0
F0_R1_P37,F0_R1,11,0
F0_R1_P37,F0_R1,12,0
F0_R1_P37,F0_R1,13,0
F0_R1_P37,F0_R1,14,0
F0_R1_P37,F0_R1,15,0
F0_R1_P37,F0_R1,16,0
F0_R1_P37,F0_R1,17,0
F0_R1_P37,F0_R1,18,0
F0_R1_P37,F0_R1,19,0
F0_R1_P37,F0_R1,20,0
F0_R1_P38,F0_R1,1,1
F0_R1_P38,F0_R1,2,1
F0_R1_P38,F0_R1,3,0
F0_R1_P38,F0_R1,4,0
F0_R1_P38,F0_R1,5,1
F0_R1_P38,F0_R1,6,1
F0_R1_P38,F0_R1,7,1
F0_R1_P38,F0_R1,8,1
F0_R1_P38,F0_R1,9,0
F0_R1_P38,F0_R1,10,1
F0_R1_P38,F0_R1,11,1
F0_R1_P38,F0_R1,12,1
F0_R1_P38,F0_R1,13,0
F0_R1_P38,F0_R1,14,1
F0_R1_P38,F0_R1,15,0
F0_R1_P38,F0_R1,16,1
F0_R1_P38,F0_R1,17,0
F0_R1_P38,F0_R1,18,1
F0_R1_P38,F0_R1,19,0
F0_R1_P38,F0_R1,20,0
F0_R1_P39,F0_R1,1,1
F0_R1_P39,F0_R1,2,1
F0_R1_P39,F0_R1,3,1
F0_R1_P39,F0_R1,4,1
F0_R1_P39,F0_R1,5,1
F0_R1_P39,F0_R1,6,1
F0_R1_P39,F0_R1,7,1
F0_R1_P39,F0_R1,8,1
F0_R1_P39,F0_R1,9,0
F0_R1_P39,F0_R1,10,0
F0_R1_P39,F0_R1,11,1
F0_R1_P39,F0_R1,12,1
F0_R1_P39,F0_R1,13,0
F0_R1_P39,F0_R1,14,1
F0_R1_P39,F0_R1,15,1
F0_R1_P39,F0_R1,16,0
F0_R1_P39,F0_R1,17,0
F0_R1_P39,F0_R1,18,1
F0_R1_P39,F0_R1,19,1
F0_R1_P39,F0_R1,20,0
F0_R1_P40,F0_R1,1,0
F0_R1_P40,F0_R1,2,0
F0_R1_P40,F0_R1,3,0
F0_R1_P40,F0_R1,4,0
F0_R1_P40,F0_R1,5,1
F0_R1_P40,F0_R1,6,1
F0_R1_P40,F0_R1,7,1
F0_R1_P40,F0_R1,8,0
F0_R1_P40,F0_R1,9,1
F0_R1_P40,F0_R1,10,0
F0_R1_P40,F0_R1,11,0
F0_R1_P40,F0_R1,12,0
F0_R1_P40,F0_R1,13,0
F0_R1_P40,F0_R1,14,0
F0_R1_P40,F0_R1,15,1
F0_R1_P40,F0_R1,16,0
F0_R1_P40,F0_R1,17,0
F0_R1_P40,F0_R1,18,0
F0_R1_P40,F0_R1,19,0
F0_R1_P40,F0_R1,20,0
F0_R1_P41,F0_R1,1,0
F0_R1_P41,F0_R1,2,1
F0_R1_P41,F0_R1,3,1
F0_R1_P41,F0_R1,4,0
F0_R1_P41,F0_R1,5,1
F0_R1_P41,F0_R1,6,1
F0_R1_P41,F0_R1,7,1
F0_R1_P41,F0_R1,8,1
F0_R1_P41,F0_R1,9,1
F0_R1_P41,F0_R1,10,1
F0_R1_P41,F0_R1,11,1
F0_R1_P41,F0_R1,12,1
F0_R1_P41,F0_R1,13,0
F0_R1_P41,F0_R1,14,0
F0_R1_P41,F0_R1,15,1
F0_R1_P41,F0_R1,16,0
F0_R1_P41,F0_R1,17,1
F0_R1_P41,F0_R1,18,0
F0_R1_P41,F0_R1,19,1
F0_R1_P41,F0_R1,20,0
F0_R1_P42,F0_R1,1,0
F0_R1_P42,F0_R1,2,1
F0_R1_P42,F0_R1,3,0
F0_R1_P42,F0_R1,4,0
F0_R1_P42,F0_R1,5,1
F0_R1_P42,F0_R1,6,0
F0_R1_P42,F0_R1,7,1
F0_R1_P42,F0_R1,8,1
F0_R1_P42,F0_R1,9,0
F0_R1_P42,F0_R1,10,0
F0_R1_P42,F0_R1,11,1
F0_R1_P42,F0_R1,12,1
F0_R1_P42,F0_R1,13,0
F0_R1_P42,F0_R1,14,0
F0_R1_P42,F0_R1,15,0
F0_R1_P42,F0_R1,16,1
F0_R1_P42,F0_R1,17,0
F0_R1_P42,F0_R1,18,1
F0_R1_P42,F0_R1,19,1
F0_R1_P42,F0_R1,20,0
F0_R1_P43,F0_R1,1,1
F0_R1_P43,F0_R1,2,1
F0_R1_P43,F0_R1,3,1
F0_R1_P43,F0_R1,4,0
F0_R1_P43,F0_R1,5,0
F0_R1_P43,F0_R1,6,0
F0_R1_P43,F0_R1,7,0
F0_R1_P43,F0_R1,8,1
F0_R1_P43,F0_R1,9,0
F0_R1_P43,F0_R1,10,0
F0_R1_P43,F0_R1,11,1
F0_R1_P43,F0_R1,12,1
F0_R1_P43,F0_R1,13,0
F0_R1_P43,F0_R1,14,1
F0_R1_P43,F0_R1,15,0
F0_R1_P43,F0_R1,16,0
F0_R1_P43,F0_R1,17,0
F0_R1_P43,F0_R1,18,1
F0_R1_P43,F0_R1,19,0
F0_R1_P43,F0_R1,20,0
F0_R1_P44,F0_R1,1,0
F0_R1_P44,F0_R1,2,0
F0_R1_P44,F0_R1,3,0
F0_R1_P44,F0_R1,4,0
F0_R1_P44,F0_R1,5,1
F0_R1_P44,F0_R1,6,1
F0_R1_P44,F0_R1,7,1
F0_R1_P44,F0_R1,8,1
F0_R1_P44,F0_R1,9,0
F0_R1_P44,F0_R1,10,0
F0_R1_P44,F0_R1,11,1
F0_R1_P44,F0_R1,12,1
F0_R1_P44,F0_R1,13,0
F0_R1_P44,F0_R1,14,0
F0_R1_P44,F0_R1,15,0
F0_R1_P44,F0_R1,16,0
F0_R1_P44,F0_R1,17,1
F0_R1_P44,F0_R1,18,0
F0_R1_P44,F0_R1,19,0
F0_R1_P44,F0_R1,20,0
F0_R1_P45,F0_R1,1,1
F0_R1_P45,F0_R1,2,1
F0_R1_P45,F0_R1,3,0
F0_R1_P45,F0_R1,4,1
F0_R1_P45,F0_R1,5,1
F0_R1_P45,F0_R1,6,0
F0_R1_P45,F0_R1,7,1
F0_R1_P45,F0_R1,8,1
F0_R1_P45,F0_R1,9,1
F0_R1_P45,F0_R1,10,1
F0_R1_P45,F0_R1,11,1
F0_R1_P45,F0_R1,12,1
F0_R1_P45,F0_R1,13,1
F0_R1_P45,F0_R1,14,1
F0_R1_P45,F0_R1,15,1
F0_R1_P45,F0_R1,16,0
F0_R1_P45,F0_R1,17,1
F0_R1_P45,F0_R1,18,0
F0_R1_P45,F0_R1,19,1
F0_R1_P45,F0_R1,20,0
F0_R1_P46,F0_R1,1,0
F0_R1_P46,F0_R1,2,0
F0_R1_P46,F0_R1,3,0
F0_R1_P46,F0_R1,4,1
F0_R1_P46,F0_R1,5,1
F0_R1_P46,F0_R1,6,1
F0_R1_P46,F0_R1,7,0
F0_R1_P46,F0_R1,8,1
F0_R1_P46,F0_R1,9,0
F0_R1_P46,F0_R1,10,1
F0_R1_P46,F0_R1,11,1
F0_R1_P46,F0_R1,12,1
F0_R1_P46,F0_R1,13,1
F0_R1_P46,F0_R1,14,1
F0_R1_P46,F0_R1,15,1
F0_R1_P46,F0_R1,16,1
F0_R1_P46,F0_R1,17,1
F0_R1_P46,F0_R1,18,1
F0_R1_P46,F0_R1,19,0
F0_R1_P46,F0_R1,20,1
F0_R1_P47,F0_R1,1,1
F0_R1_P47,F0_R1,2,1
F0_R1_P47,F0_R1,3,1
F0_R1_P47,F0_R1,4,0
F0_R1_P47,F0_R1,5,1
F0_R1_P47,F0_R1,6,1
F0_R1_P47,F0_R1,7,1
F0_R1_P47,F0_R1,8,1
F0_R1_P47,F0_R1,9,1
F0_R1_P47,F0_R1,10,1
F0_R1_P47,F0_R1,11,1
F0_R1_P47,F0_R1,12,1
F0_R1_P47,F0_R1,13,1
F0_R1_P47,F0_R1,14,1
F0_R1_P47,F0_R1,15,1
F0_R1_P47,F0_R1,16,0
F0_R1_P47,F0_R1,17,1
F0_R1_P47,F0_R1,18,1
F0_R1_P47,F0_R1,19,1
F0_R1_P47,F0_R1,20,1
F0_R1_P48,F0_R1,1,0
F0_R1_P48,F0_R1,2,0
F0_R1_P48,F0_R1,3,0
F0_R1_P48,F0_R1,4,1
F0_R1_P48,F0_R1,5,1
F0_R1_P48,F0_R1,6,0
F0_R1_P48,F0_R1,7,0
F0_R1_P48,F0_R1,8,1
F0_R1_P48,F0_R1,9,0
F0_R1_P48,F0_R1,10,1
F0_R1_P48,F0_R1,11,1
F0_R1_P48,F0_R1,12,1
F0_R1_P48,F0_R1,13,0
F0_R1_P48,F0_R1,14,1
F0_R1_P48,F0_R1,15,0
F0_R1_P48,F0_R1,16,0
F0_R1_P48,F0_R1,17,0
F0_R1_P48,F0_R1,18,1
F0_R1_P48,F0_R1,19,0
F0_R1_P48,F0_R1,20,0
F0_R1_P49,F0_R1,1,0
F0_R1_P49,F0_R1,2,1
F0_R1_P49,F0_R1,3,0
F0_R1_P49,F0_R1,4,0
F0_R1_P49,F0_R1,5,0
F0_R1_P49,F0_R1,6,1
F0_R1_P49,F0_R1,7,0
F0_R1_P49,F0_R1,8,1
F0_R1_P49,F0_R1,9,0
F0_R1_P49,F0_R1,10,1
F0_R1_P49,F0_R1,11,1
F0_R1_P49,F0_R1,12,1
F0_R1_P49,F0_R1,13,0
F0_R1_P49,F0_R1,14,1
F0_R1_P49,F0_R1,15,0
F0_R1_P49,F0_R1,16,1
F0_R1_P49,F0_R1,17,1
F0_R1_P49,F0_R1,18,1
F0_R1_P49,F0_R1,19,0
F0_R1_P49,F0_R1,20,0
F0_R1_P50,F0_R1,1,1
F0_R1_P50,F0_R1,2,1
F0_R1_P50,F0_R1,3,1
F0_R1_P50,F0_R1,4,0
F0_R1_P50,F0_R1,5,1
F0_R1_P50,F0_R1,6,1
F0_R1_P50,F0_R1,7,0
F0_R1_P50,F0_R1,8,1
F0_R1_P50,F0_R1,9,0
F0_R1_P50,F0_R1,10,0
F0_R1_P50,F0_R1,11,1
F0_R1_P50,F0_R1,12,1
F0_R1_P50,F0_R1,13,0
F0_R1_P50,F0_R1,14,0
F0_R1_P50,F0_R1,15,0
F0_R1_P50,F0_R1,16,0
F0_R1_P50,F0_R1,17,0
F0_R1_P50,F0_R1,18,0
F0_R1_P50,F0_R1,19,1
F0_R1_P50,F0_R1,20,1
R1_F2_P01,R1_F2,1,0
R1_F2_P01,R1_F2,2,1
R1_F2_P01,R1_F2,3,0
R1_F2_P01,R1_F2,4,1
R1_F2_P01,R1_F2,5,1
R1_F2_P01,R1_F2,6,1
R1_F2_P01,R1_F2,7,1
R1_F2_P01,R1_F2,8,1
R1_F2_P01,R1_F2,9,1
R1_F2_P01,R1_F2,10,0
R1_F2_P01,R1_F2,11,1
R1_F2_P01,R1_F2,12,1
R1_F2_P01,R1_F2,13,0
R1_F2_P01,R1_F2,14,1
R1_F2_P01,R1_F2,15,1
R1_F2_P01,R1_F2,16,1
R1_F2_P01,R1_F2,17,0
R1_F2_P01,R1_F2,18,1
R1_F2_P01,R1_F2,19,1
R1_F2_P01,R1_F2,20,1
R1_F2_P02,R1_F2,1,1
R1_F2_P02,R1_F2,2,1
R1_F2_P02,R1_F2,3,0
R1_F2_P02,R1_F2,4,0
R1_F2_P02,R1_F2,5,1
R1_F2_P02,R1_F2,6,1
R1_F2_P02,R1_F2,7,1
R1_F2_P02,R1_F2,8,1
R1_F2_P02,R1_F2,9,1
R1_F2_P02,R1_F2,10,1
R1_F2_P02,R1_F2,11,1
R1_F2_P02,R1_F2,12,1
R1_F2_P02,R1_F2,13,1
R1_F2_P02,R1_F2,14,1
R1_F2_P02,R1_F2,15,1
R1_F2_P02,R1_F2,16,1
R1_F2_P02,R1_F2,17,0
R1_F2_P02,R1_F2,18,1
R1_F2_P02,R1_F2,19,0
R1_F2_P02,R1_F2,20,0
R1_F2_P03,R1_F2,1,1
R1_F2_P03,R1_F2,2,1
R1_F2_P03,R1_F2,3,1
R1_F2_P03,R1_F2,4,1
R1_F2_P03,R1_F2,5,1
R1_F2_P03,R1_F2,6,1
R1_F2_P03,R1_F2,7,1
R1_F2_P03,R1_F2,8,1
R1_F2_P03,R1_F2,9,1
R1_F2_P03,R1_F2,10,1
R1_F2_P03,R1_F2,11,1
R1_F2_P03,R1_F2,12,1
R1_F2_P03,R1_F2,13,0
R1_F2_P03,R1_F2,14,1
R1_F2_P03,R1_F2,15,1
R1_F2_P03,R1_F2,16,1
R1_F2_P03,R1_F2,17,1
R1_F2_P03,R1_F2,18,1
R1_F2_P03,R1_F2,19,0
R1_F2_P03,R1_F2,20,1
R1_F2_P04,R1_F2,1,0
R1_F2_P04,R1_F2,2,1
R1_F2_P04,R1_F2,3,1
R1_F2_P04,R1_F2,4,0
R1_F2_P04,R1_F2,5,1
R1_F2_P04,R1_F2,6,1
R1_F2_P04,R1_F2,7,1
R1_F2_P04,R1_F2,8,0
R1_F2_P04,R1_F2,9,1
R1_F2_P04,R1_F2,10,1
R1_F2_P04,R1_F2,11,1
R1_F2_P04,R1_F2,12,0
R1_F2_P04,R1_F2,13,0
R1_F2_P04,R1_F2,14,0
R1_F2_P04,R1_F2,15,0
R1_F2_P04,R1_F2,16,0
R1_F2_P04,R1_F2,17,0
R1_F2_P04,R1_F2,18,1
R1_F2_P04,R1_F2,19,1
R1_F2_P04,R1_F2,20,0
R1_F2_P05,R1_F2,1,1
R1_F2_P05,R1_F2,2,0
R1_F2_P05,R1_F2,3,0
R1_F2_P05,R1_F2,4,1
R1_F2_P05,R1_F2,5,1
R1_F2_P05,R1_F2,6,0
R1_F2_P05,R1_F2,7,0
R1_F2_P05,R1_F2,8,1
R1_F2_P05,R1_F2,9,1
R1_F2_P05,R1_F2,10,1
R1_F2_P05,R1_F2,11,1
R1_F2_P05,R1_F2,12,1
R1_F2_P05,R1_F2,13,0
R1_F2_P05,R1_F2,14,1
R1_F2_P05,R1_F2,15,1
R1_F2_P05,R1_F2,16,1
R1_F2_P05,R1_F2,17,0
R1_F2_P05,R1_F2,18,0
R1_F2_P05,R1_F2,19,0
R1_F2_P05,R1_F2,20,0
R1_F2_P06,R1_F2,1,0
R1_F2_P06,R1_F2,2,0
R1_F2_P06,R1_F2,3,1
R1_F2_P06,R1_F2,4,1
R1_F2_P06,R1_F2,5,0
R1_F2_P06,R1_F2,6,0
R1_F2_P06,R1_F2,7,1
R1_F2_P06,R1_F2,8,1
R1_F2_P06,R1_F2,9,0
R1_F2_P06,R1_F2,10,0
R1_F2_P06,R1_F2,11,1
R1_F2_P06,R1_F2,12,1
R1_F2_P06,R1_F2,13,1
R1_F2_P06,R1_F2,14,0
R1_F2_P06,R1_F2,15,1
R1_F2_P06,R1_F2,16,1
R1_F2_P06,R1_F2,17,0
R1_F2_P06,R1_F2,18,1
R1_F2_P06,R1_F2,19,1
R1_F2_P06,R1_F2,20,1
R1_F2_P07,R1_F2,1,1
R1_F2_P07,R1_F2,2,1
R1_F2_P07,R1_F2,3,1
R1_F2_P07,R1_F2,4,1
R1_F2_P07,R1_F2,5,1
R1_F2_P07,R1_F2,6,1
R1_F2_P07,R1_F2,7,0
R1_F2_P07,R1_F2,8,1
R1_F2_P07,R1_F2,9,0
R1_F2_P07,R1_F2,10,1
R1_F2_P07,R1_F2,11,1
R1_F2_P07,R1_F2,12,1
R1_F2_P07,R1_F2,13,0
R1_F2_P07,R1_F2,14,1
R1_F2_P07,R1_F2,15,1
R1_F2_P07,R1_F2,16,1
R1_F2_P07,R1_F2,17,0
R1_F2_P07,R1_F2,18,1
R1_F2_P07,R1_F2,19,1
R1_F2_P07,R1_F2,20,0
R1_F2_P08,R1_F2,1,0
R1_F2_P08,R1_F2,2,0
R1_F2_P08,R1_F2,3,0
R1_F2_P08,R1_F2,4,0
R1_F2_P08,R1_F2,5,0
R1_F2_P08,R1_F2,6,1
R1_F2_P08,R1_F2,7,0
R1_F2_P08,R1_F2,8,0
R1_F2_P08,R1_F2,9,0
R1_F2_P08,R1_F2,10,0
R1_F2_P08,R1_F2,11,0
R1_F2_P08,R1_F2,12,0
R1_F2_P08,R1_F2,13,0
R1_F2_P08,R1_F2,14,0
R1_F2_P08,R1_F2,15,0
R1_F2_P08,R1_F2,16,0
R1_F2_P08,R1_F2,17,0
R1_F2_P08,R1_F2,18,1
R1_F2_P08,R1_F2,19,0
R1_F2_P08,R1_F2,20,0
R1_F2_P09,R1_F2,1,0
R1_F2_P09,R1_F2,2,1
R1_F2_P09,R1_F2,3,0
R1_F2_P09,R1_F2,4,1
R1_F2_P09,R1_F2,5,1
R1_F2_P09,R1_F2,6,1
R1_F2_P09,R1_F2,7,1
R1_F2_P09,R1_F2,8,1
R1_F2_P09,R1_F2,9,1
R1_F2_P09,R1_F2,10,1
R1_F2_P09,R1_F2,11,1
R1_F2_P09,R1_F2,12,1
R1_F2_P09,R1_F2,13,1
R1_F2_P09,R1_F2,14,1
R1_F2_P09,R1_F2,15,1
R1_F2_P09,R1_F2,16,1
R1_F2_P09,R1_F2,17,0
R1_F2_P09,R1_F2,18,1
R1_F2_P09,R1_F2,19,0
R1_F2_P09,R1_F2,20,0
R1_F2_P10,R1_F2,1,0
R1_F2_P10,R1_F2,2,0
R1_F2_P10,R1_F2,3,0
R1_F2_P10,R1_F2,4,1
R1_F2_P10,R1_F2,5,1
R1_F2_P10,R1_F2,6,1
R1_F2_P10,R1_F2,7,1
R1_F2_P10,R1_F2,8,1
R1_F2_P10,R1_F2,9,0
R1_F2_P10,R1_F2,10,1
R1_F2_P10,R1_F2,11,0
R1_F2_P10,R1_F2,12,1
R1_F2_P10,R1_F2,13,1
R1_F2_P10,R1_F2,14,0
R1_F2_P10,R1_F2,15,1
R1_F2_P10,R1_F2,16,0
R1_F2_P10,R1_F2,17,1
R1_F2_P10,R1_F2,18,1
R1_F2_P10,R1_F2,19,0
R1_F2_P10,R1_F2,20,0
R1_F2_P11,R1_F2,1,0
R1_F2_P11,R1_F2,2,1
R1_F2_P11,R1_F2,3,0
R1_F2_P11,R1_F2,4,1
R1_F2_P11,R1_F2,5,1
R1_F2_P11,R1_F2,6,1
R1_F2_P11,R1_F2,7,0
R1_F2_P11,R1_F2,8,1
R1_F2_P11,R1_F2,9,1
R1_F2_P11,R1_F2,10,1
R1_F2_P11,R1_F2,11,0
R1_F2_P11,R1_F2,12,1
R1_F2_P11,R1_F2,13,0
R1_F2_P11,R1_F2,14,0
R1_F2_P11,R1_F2,15,0
R1_F2_P11,R1_F2,16,0
R1_F2_P11,R1_F2,17,0
R1_F2_P11,R1_F2,18,1
R1_F2_P11,R1_F2,19,0
R1_F2_P11,R1_F2,20,0
R1_F2_P12,R1_F2,1,0
R1_F2_P12,R1_F2,2,1
R1_F2_P12,R1_F2,3,0
R1_F2_P12,R1_F2,4,0
R1_F2_P12,R1_F2,5,1
R1_F2_P12,R1_F2,6,0
R1_F2_P12,R1_F2,7,0
R1_F2_P12,R1_F2,8,1
R1_F2_P12,R1_F2,9,0
R1_F2_P12,R1_F2,10,0
R1_F2_P12,R1_F2,11,1
R1_F2_P12,R1_F2,12,0
R1_F2_P12,R1_F2,13,1
R1_F2_P12,R1_F2,14,0
R1_F2_P12,R1_F2,15,0
R1_F2_P12,R1_F2,16,1
R1_F2_P12,R1_F2,17,1
R1_F2_P12,R1_F2,18,0
R1_F2_P12,R1_F2,19,0
R1_F2_P12,R1_F2,20,0
R1_F2_P13,R1_F2,1,1
R1_F2_P13,R1_F2,2,1
R1_F2_P13,R1_F2,3,0
R1_F2_P13,R1_F2,4,1
R1_F2_P13,R1_F2,5,1
R1_F2_P13,R1_F2,6,0
R1_F2_P13,R1_F2,7,0
R1_F2_P13,R1_F2,8,1
R1_F2_P13,R1_F2,9,0
R1_F2_P13,R1_F2,10,1
R1_F2_P13,R1_F2,11,0
R1_F2_P13,R1_F2,12,1
R1_F2_P13,R1_F2,13,0
R1_F2_P13,R1_F2,14,0
R1_F2_P13,R1_F2,15,0
R1_F2_P13,R1_F2,16,1
R1_F2_P13,R1_F2,17,0
R1_F2_P13,R1_F2,18,1
R1_F2_P13,R1_F2,19,0
R1_F2_P13,R1_F2,20,0
R1_F2_P14,R1_F2,1,1
R1_F2_P14,R1_F2,2,1
R1_F2_P14,R1_F2,3,1
R1_F2_P14,R1_F2,4,1
R1_F2_P14,R1_F2,5,1
R1_F2_P14,R1_F2,6,1
R1_F2_P14,R1_F2,7,0
R1_F2_P14,R1_F2,8,1
R1_F2_P14,R1_F2,9,0
R1_F2_P14,R1_F2,10,0
R1_F2_P14,R1_F2,11,1
R1_F2_P14,R1_F2,12,1
R1_F2_P14,R1_F2,13,1
R1_F2_P14,R1_F2,14,1
R1_F2_P14,R1_F2,15,1
R1_F2_P14,R1_F2,16,1
R1_F2_P14,R1_F2,17,1
R1_F2_P14,R1_F2,18,1
R1_F2_P14,R1_F2,19,1
R1_F2_P14,R1_F2,20,0
R1_F2_P15,R1_F2,1,1
R1_F2_P15,R1_F2,2,1
R1_F2_P15,R1_F2,3,1
R1_F2_P15,R1_F2,4,1
R1_F2_P15,R1_F2,5,1
R1_F2_P15,R1_F2,6,1
R1_F2_P15,R1_F2,7,0
R1_F2_P15,R1_F2,8,1
R1_F2_P15,R1_F2,9,1
R1_F2_P15,R1_F2,10,1
R1_F2_P15,R1_F2,11,1
R1_F2_P15,R1_F2,12,1
R1_F2_P15,R1_F2,13,0
R1_F2_P15,R1_F2,14,1
R1_F2_P15,R1_F2,15,0
R1_F2_P15,R1_F2,16,1
R1_F2_P15,R1_F2,17,0
R1_F2_P15,R1_F2,18,1
R1_F2_P15,R1_F2,19,0
R1_F2_P15,R1_F2,20,0
R1_F2_P16,R1_F2,1,0
R1_F2_P16,R1_F2,2,1
R1_F2_P16,R1_F2,3,0
R1_F2_P16,R1_F2,4,1
R1_F2_P16,R1_F2,5,1
R1_F2_P16,R1_F2,6,0
R1_F2_P16,R1_F2,7,0
R1_F2_P16,R1_F2,8,1
R1_F2_P16,R1_F2,9,1
R1_F2_P16,R1_F2,10,1
R1_F2_P16,R1_F2,11,1
R1_F2_P16,R1_F2,12,1
R1_F2_P16,R1_F2,13,1
R1_F2_P16,R1_F2,14,0
R1_F2_P16,R1_F2,15,0
R1_F2_P16,R1_F2,16,1
R1_F2_P16,R1_F2,17,1
R1_F2_P16,R1_F2,18,1
R1_F2_P16,R1_F2,19,1
R1_F2_P16,R1_F2,20,0
R1_F2_P17,R1_F2,1,1
R1_F2_P17,R1_F2,2,1
R1_F2_P17,R1_F2,3,0
R1_F2_P17,R1_F2,4,1
R1_F2_P17,R1_F2,5,0
R1_F2_P17,R1_F2,6,1
R1_F2_P17,R1_F2,7,0
R1_F2_P17,R1_F2,8,1
R1_F2_P17,R1_F2,9,0
R1_F2_P17,R1_F2,10,0
R1_F2_P17,R1_F2,11,0
R1_F2_P17,R1_F2,12,1
R1_F2_P17,R1_F2,13,0
R1_F2_P17,R1_F2,14,0
R1_F2_P17,R1_F2,15,0
R1_F2_P17,R1_F2,16,1
R1_F2_P17,R1_F2,17,0
R1_F2_P17,R1_F2,18,1
R1_F2_P17,R1_F2,19,0
R1_F2_P17,R1_F2,20,0
R1_F2_P18,R1_F2,1,0
R1_F2_P18,R1_F2,2,0
R1_F2_P18,R1_F2,3,0
R1_F2_P18,R1_F2,4,1
R1_F2_P18,R1_F2,5,0
R1_F2_P18,R1_F2,6,0
R1_F2_P18,R1_F2,7,0
R1_F2_P18,R1_F2,8,1
R1_F2_P18,R1_F2,9,1
R1_F2_P18,R1_F2,10,0
R1_F2_P18,R1_F2,11,1
R1_F2_P18,R1_F2,12,0
R1_F2_P18,R1_F2,13,1
R1_F2_P18,R1_F2,14,0
R1_F2_P18,R1_F2,15,0
R1_F2_P18,R1_F2,16,1
R1_F2_P18,R1_F2,17,0
R1_F2_P18,R1_F2,18,0
R1_F2_P18,R1_F2,19,0
R1_F2_P18,R1_F2,20,0
R1_F2_P19,R1_F2,1,0
R1_F2_P19,R1_F2,2,1
R1_F2_P19,R1_F2,3,0
R1_F2_P19,R1_F2,4,1
R1_F2_P19,R1_F2,5,1
R1_F2_P19,R1_F2,6,1
R1_F2_P19,R1_F2,7,0
R1_F2_P19,R1_F2,8,1
R1_F2_P19,R1_F2,9,1
R1_F2_P19,R1_F2,10,0
R1_F2_P19,R1_F2,11,1
R1_F2_P19,R1_F2,12,1
R1_F2_P19,R1_F2,13,0
R1_F2_P19,R1_F2,14,0
R1_F2_P19,R1_F2,15,1
R1_F2_P19,R1_F2,16,0
R1_F2_P19,R1_F2,17,0
R1_F2_P19,R1_F2,18,0
R1_F2_P19,R1_F2,19,0
R1_F2_P19,R1_F2,20,0
R1_F2_P20,R1_F2,1,1
R1_F2_P20,R1_F2,2,0
R1_F2_P20,R1_F2,3,0
R1_F2_P20,R1_F2,4,1
R1_F2_P20,R1_F2,5,1
R1_F2_P20,R1_F2,6,0
R1_F2_P20,R1_F2,7,0
R1_F2_P20,R1_F2,8,1
R1_F2_P20,R1_F2,9,0
R1_F2_P20,R1_F2,10,1
R1_F2_P20,R1_F2,11,0
R1_F2_P20,R1_F2,12,1
R1_F2_P20,R1_F2,13,0
R1_F2_P20,R1_F2,14,0
R1_F2_P20,R1_F2,15,0
R1_F2_P20,R1_F2,16,0
R1_F2_P20,R1_F2,17,0
R1_F2_P20,R1_F2,18,1
R1_F2_P20,R1_F2,19,0
R1_F2_P20,R1_F2,20,0
R1_F2_P21,R1_F2,1,0
R1_F2_P21,R1_F2,2,1
R1_F2_P21,R1_F2,3,0
R1_F2_P21,R1_F2,4,1
R1_F2_P21,R1_F2,5,1
R1_F2_P21,R1_F2,6,0
R1_F2_P21,R1_F2,7,1
R1_F2_P21,R1_F2,8,1
R1_F2_P21,R1_F2,9,1
R1_F2_P21,R1_F2,10,1
R1_F2_P21,R1_F2,11,1
R1_F2_P21,R1_F2,12,1
R1_F2_P21,R1_F2,13,0
R1_F2_P21,R1_F2,14,0
R1_F2_P21,R1_F2,15,1
R1_F2_P21,R1_F2,16,1
R1_F2_P21,R1_F2,17,0
R1_F2_P21,R1_F2,18,1
R1_F2_P21,R1_F2,19,0
R1_F2_P21,R1_F2,20,0
R1_F2_P22,R1_F2,1,0
R1_F2_P22,R1_F2,2,0
R1_F2_P22,R1_F2,3,0
R1_F2_P22,R1_F2,4,1
R1_F2_P22,R1_F2,5,0
R1_F2_P22,R1_F2,6,0
R1_F2_P22,R1_F2,7,0
R1_F2_P22,R1_F2,8,0
R1_F2_P22,R1_F2,9,0
R1_F2_P22,R1_F2,10,0
R1_F2_P22,R1_F2,11,0
R1_F2_P22,R1_F2,12,1
R1_F2_P22,R1_F2,13,0
R1_F2_P22,R1_F2,14,0
R1_F2_P22,R1_F2,15,0
R1_F2_P22,R1_F2,16,0
R1_F2_P22,R1_F2,17,0
R1_F2_P22,R1_F2,18,0
R1_F2_P22,R1_F2,19,0
R1_F2_P22,R1_F2,20,0
R1_F2_P23,R1_F2,1,1
R1_F2_P23,R1_F2,2,1
R1_F2_P23,R1_F2,3,0
R1_F2_P23,R1_F2,4,1
R1_F2_P23,R1_F2,5,1
R1_F2_P23,R1_F2,6,0
R1_F2_P23,R1_F2,7,0
R1_F2_P23,R1_F2,8,1
R1_F2_P23,R1_F2,9,0
R1_F2_P23,R1_F2,10,1
R1_F2_P23,R1_F2,11,1
R1_F2_P23,R1_F2,12,0
R1_F2_P23,R1_F2,13,0
R1_F2_P23,R1_F2,14,0
R1_F2_P23,R1_F2,15,1
R1_F2_P23,R1_F2,16,0
R1_F2_P23,R1_F2,17,0
R1_F2_P23,R1_F2,18,1
R1_F2_P23,R1_F2,19,1
R1_F2_P23,R1_F2,20,0
R1_F2_P24,R1_F2,1,0
R1_F2_P24,R1_F2,2,1
R1_F2_P24,R1_F2,3,0
R1_F2_P24,R1_F2,4,1
R1_F2_P24,R1_F2,5,1
R1_F2_P24,R1_F2,6,1
R1_F2_P24,R1_F2,7,0
R1_F2_P24,R1_F2,8,1
R1_F2_P24,R1_F2,9,0
R1_F2_P24,R1_F2,10,0
R1_F2_P24,R1_F2,11,1
R1_F2_P24,R1_F2,12,0
R1_F2_P24,R1_F2,13,0
R1_F2_P24,R1_F2,14,0
R1_F2_P24,R1_F2,15,1
R1_F2_P24,R1_F2,16,0
R1_F2_P24,R1_F2,17,0
R1_F2_P24,R1_F2,18,0
R1_F2_P24,R1_F2,19,0
R1_F2_P24,R1_F2,20,0
R1_F2_P25,R1_F2,1,1
R1_F2_P25,R1_F2,2,1
R1_F2_P25,R1_F2,3,1
R1_F2_P25,R1_F2,4,1
R1_F2_P25,R1_F2,5,1
R1_F2_P25,R1_F2,6,1
R1_F2_P25,R1_F2,7,1
R1_F2_P25,R1_F2,8,1
R1_F2_P25,R1_F2,9,1
R1_F2_P25,R1_F2,10,1
R1_F2_P25,R1_F2,11,1
R1_F2_P25,R1_F2,12,1
R1_F2_P25,R1_F2,13,1
R1_F2_P25,R1_F2,14,1
R1_F2_P25,R1_F2,15,1
R1_F2_P25,R1_F2,16,1
R1_F2_P25,R1_F2,17,1
R1_F2_P25,R1_F2,18,1
R1_F2_P25,R1_F2,19,1
R1_F2_P25,R1_F2,20,1
R1_F2_P26,R1_F2,1,1
R1_F2_P26,R1_F2,2,1
R1_F2_P26,R1_F2,3,0
R1_F2_P26,R1_F2,4,1
R1_F2_P26,R1_F2,5,1
R1_F2_P26,R1_F2,6,1
R1_F2_P26,R1_F2,7,0
R1_F2_P26,R1_F2,8,1
R1_F2_P26,R1_F2,9,1
R1_F2_P26,R1_F2,10,1
R1_F2_P26,R1_F2,11,1
R1_F2_P26,R1_F2,12,1
R1_F2_P26,R1_F2,13,0
R1_F2_P26,R1_F2,14,0
R1_F2_P26,R1_F2,15,0
R1_F2_P26,R1_F2,16,1
R1_F2_P26,R1_F2,17,0
R1_F2_P26,R1_F2,18,0
R1_F2_P26,R1_F2,19,1
R1_F2_P26,R1_F2,20,0
R1_F2_P27,R1_F2,1,1
R1_F2_P27,R1_F2,2,0
R1_F2_P27,R1_F2,3,0
R1_F2_P27,R1_F2,4,1
R1_F2_P27,R1_F2,5,1
R1_F2_P27,R1_F2,6,1
R1_F2_P27,R1_F2,7,0
R1_F2_P27,R1_F2,8,1
R1_F2_P27,R1_F2,9,0
R1_F2_P27,R1_F2,10,1
R1_F2_P27,R1_F2,11,0
R1_F2_P27,R1_F2,12,0
R1_F2_P27,R1_F2,13,0
R1_F2_P27,R1_F2,14,0
R1_F2_P27,R1_F2,15,1
R1_F2_P27,R1_F2,16,0
R1_F2_P27,R1_F2,17,1
R1_F2_P27,R1_F2,18,0
R1_F2_P27,R1_F2,19,1
R1_F2_P27,R1_F2,20,0
R1_F2_P28,R1_F2,1,1
R1_F2_P28,R1_F2,2,1
R1_F2_P28,R1_F2,3,1
R1_F2_P28,R1_F2,4,0
R1_F2_P28,R1_F2,5,1
R1_F2_P28,R1_F2,6,1
R1_F2_P28,R1_F2,7,1
R1_F2_P28,R1_F2,8,1
R1_F2_P28,R1_F2,9,1
R1_F2_P28,R1_F2,10,1
R1_F2_P28,R1_F2,11,1
R1_F2_P28,R1_F2,12,1
R1_F2_P28,R1_F2,13,1
R1_F2_P28,R1_F2,14,0
R1_F2_P28,R1_F2,15,1
R1_F2_P28,R1_F2,16,1
R1_F2_P28,R1_F2,17,0
R1_F2_P28,R1_F2,18,1
R1_F2_P28,R1_F2,19,0
R1_F2_P28,R1_F2,20,1
R1_F2_P29,R1_F2,1,0
R1_F2_P29,R1_F2,2,1
R1_F2_P29,R1_F2,3,1
R1_F2_P29,R1_F2,4,1
R1_F2_P29,R1_F2,5,1
R1_F2_P29,R1_F2,6,0
R1_F2_P29,R1_F2,7,0
R1_F2_P29,R1_F2,8,1
R1_F2_P29,R1_F2,9,1
R1_F2_P29,R1_F2,10,1
R1_F2_P29,R1_F2,11,1
R1_F2_P29,R1_F2,12,1
R1_F2_P29,R1_F2,13,0
R1_F2_P29,R1_F2,14,0
R1_F2_P29,R1_F2,15,1
R1_F2_P29,R1_F2,16,1
R1_F2_P29,R1_F2,17,0
R1_F2_P29,R1_F2,18,1
R1_F2_P29,R1_F2,19,1
R1_F2_P29,R1_F2,20,1
R1_F2_P30,R1_F2,1,0
R1_F2_P30,R1_F2,2,1
R1_F2_P30,R1_F2,3,0
R1_F2_P30,R1_F2,4,0
R1_F2_P30,R1_F2,5,1
R1_F2_P30,R1_F2,6,0
R1_F2_P30,R1_F2,7,0
R1_F2_P30,R1_F2,8,1
R1_F2_P30,R1_F2,9,1
R1_F2_P30,R1_F2,10,1
R1_F2_P30,R1_F2,11,0
R1_F2_P30,R1_F2,12,1
R1_F2_P30,R1_F2,13,0
R1_F2_P30,R1_F2,14,0
R1_F2_P30,R1_F2,15,1
R1_F2_P30,R1_F2,16,1
R1_F2_P30,R1_F2,17,0
R1_F2_P30,R1_F2,18,0
R1_F2_P30,R1_F2,19,0
R1_F2_P30,R1_F2,20,0
R1_F2_P31,R1_F2,1,1
R1_F2_P31,R1_F2,2,0
R1_F2_P31,R1_F2,3,0
R1_F2_P31,R1_F2,4,0
R1_F2_P31,R1_F2,5,1
R1_F2_P31,R1_F2,6,1
R1_F2_P31,R1_F2,7,0
R1_F2_P31,R1_F2,8,1
R1_F2_P31,R1_F2,9,1
R1_F2_P31,R1_F2,10,0
R1_F2_P31,R1_F2,11,0
R1_F2_P31,R1_F2,12,1
R1_F2_P31,R1_F2,13,1
R1_F2_P31,R1_F2,14,0
R1_F2_P31,R1_F2,15,0
R1_F2_P31,R1_F2,16,0
R1_F2_P31,R1_F2,17,0
R1_F2_P31,R1_F2,18,0
R1_F2_P31,R1_F2,19,0
R1_F2_P31,R1_F2,20,0
R1_F2_P32,R1_F2,1,0
R1_F2_P32,R1_F2,2,0
R1_F2_P32,R1_F2,3,0
R1_F2_P32,R1_F2,4,1
R1_F2_P32,R1_F2,5,1
R1_F2_P32,R1_F2,6,0
R1_F2_P32,R1_F2,7,0
R1_F2_P32,R1_F2,8,0
R1_F2_P32,R1_F2,9,0
R1_F2_P32,R1_F2,10,0
R1_F2_P32,R1_F2,11,0
R1_F2_P32,R1_F2,12,0
R1_F2_P32,R1_F2,13,0
R1_F2_P32,R1_F2,14,0
R1_F2_P32,R1_F2,15,0
R1_F2_P32,R1_F2,16,0
R1_F2_P32,R1_F2,17,1
R1_F2_P32,R1_F2,18,0
R1_F2_P32,R1_F2,19,0
R1_F2_P32,R1_F2,20,0
R1_F2_P33,R1_F2,1,0
R1_F2_P33,R1_F2,2,0
R1_F2_P33,R1_F2,3,0
R1_F2_P33,R1_F2,4,0
R1_F2_P33,R1_F2,5,0
R1_F2_P33,R1_F2,6,0
R1_F2_P33,R1_F2,7,0
R1_F2_P33,R1_F2,8,1
R1_F2_P33,R1_F2,9,0
R1_F2_P33,R1_F2,10,1
R1_F2_P33,R1_F2,11,0
R1_F2_P33,R1_F2,12,0
R1_F2_P33,R1_F2,13,0
R1_F2_P33,R1_F2,14,0
R1_F2_P33,R1_F2,15,0
R1_F2_P33,R1_F2,16,1
R1_F2_P33,R1_F2,17,0
R1_F2_P33,R1_F2,18,1
R1_F2_P33,R1_F2,19,0
R1_F2_P33,R1_F2,20,0
R1_F2_P34,R1_F2,1,1
R1_F2_P34,R1_F2,2,1
R1_F2_P34,R1_F2,3,0
R1_F2_P34,R1_F2,4,1
R1_F2_P34,R1_F2,5,1
R1_F2_P34,R1_F2,6,0
R1_F2_P34,R1_F2,7,1
R1_F2_P34,R1_F2,8,1
R1_F2_P34,R1_F2,9,1
R1_F2_P34,R1_F2,10,1
R1_F2_P34,R1_F2,11,1
R1_F2_P34,R1_F2,12,1
R1_F2_P34,R1_F2,13,1
R1_F2_P34,R1_F2,14,1
R1_F2_P34,R1_F2,15,1
R1_F2_P34,R1_F2,16,1
R1_F2_P34,R1_F2,17,0
R1_F2_P34,R1_F2,18,1
R1_F2_P34,R1_F2,19,1
R1_F2_P34,R1_F2,20,0
R1_F2_P35,R1_F2,1,1
R1_F2_P35,R1_F2,2,1
R1_F2_P35,R1_F2,3,0
R1_F2_P35,R1_F2,4,0
R1_F2_P35,R1_F2,5,1
R1_F2_P35,R1_F2,6,1
R1_F2_P35,R1_F2,7,0
R1_F2_P35,R1_F2,8,1
R1_F2_P35,R1_F2,9,0
R1_F2_P35,R1_F2,10,0
R1_F2_P35,R1_F2,11,1
R1_F2_P35,R1_F2,12,1
R1_F2_P35,R1_F2,13,0
R1_F2_P35,R1_F2,14,0
R1_F2_P35,R1_F2,15,0
R1_F2_P35,R1_F2,16,1
R1_F2_P35,R1_F2,17,0
R1_F2_P35,R1_F2,18,1
R1_F2_P35,R1_F2,19,1
R1_F2_P35,R1_F2,20,0
R1_F2_P36,R1_F2,1,0
R1_F2_P36,R1_F2,2,0
R1_F2_P36,R1_F2,3,0
R1_F2_P36,R1_F2,4,1
R1_F2_P36,R1_F2,5,0
R1_F2_P36,R1_F2,6,0
R1_F2_P36,R1_F2,7,0
R1_F2_P36,R1_F2,8,0
R1_F2_P36,R1_F2,9,1
R1_F2_P36,R1_F2,10,1
R1_F2_P36,R1_F2,11,1
R1_F2_P36,R1_F2,12,0
R1_F2_P36,R1_F2,13,1
R1_F2_P36,R1_F2,14,0
R1_F2_P36,R1_F2,15,0
R1_F2_P36,R1_F2,16,0
R1_F2_P36,R1_F2,17,0
R1_F2_P36,R1_F2,18,1
R1_F2_P36,R1_F2,19,0
R1_F2_P36,R1_F2,20,1
R1_F2_P37,R1_F2,1,0
R1_F2_P37,R1_F2,2,1
R1_F2_P37,R1_F2,3,0
R1_F2_P37,R1_F2,4,1
R1_F2_P37,R1_F2,5,1
R1_F2_P37,R1_F2,6,0
R1_F2_P37,R1_F2,7,0
R1_F2_P37,R1_F2,8,1
R1_F2_P37,R1_F2,9,0
R1_F2_P37,R1_F2,10,1
R1_F2_P37,R1_F2,11,0
R1_F2_P37,R1_F2,12,1
R1_F2_P37,R1_F2,13,0
R1_F2_P37,R1_F2,14,1
R1_F2_P37,R1_F2,15,1
R1_F2_P37,R1_F2,16,1
R1_F2_P37,R1_F2,17,0
R1_F2_P37,R1_F2,18,0
R1_F2_P37,R1_F2,19,1
R1_F2_P37,R1_F2,20,1
R1_F2_P38,R1_F2,1,1
R1_F2_P38,R1_F2,2,1
R1_F2_P38,R1_F2,3,1
R1_F2_P38,R1_F2,4,1
R1_F2_P38,R1_F2,5,1
R1_F2_P38,R1_F2,6,0
R1_F2_P38,R1_F2,7,0
R1_F2_P38,R1_F2,8,1
R1_F2_P38,R1_F2,9,1
R1_F2_P38,R1_F2,10,1
R1_F2_P38,R1_F2,11,1
R1_F2_P38,R1_F2,12,0
R1_F2_P38,R1_F2,13,0
R1_F2_P38,R1_F2,14,1
R1_F2_P38,R1_F2,15,0
R1_F2_P38,R1_F2,16,1
R1_F2_P38,R1_F2,17,1
R1_F2_P38,R1_F2,18,1
R1_F2_P38,R1_F2,19,1
R1_F2_P38,R1_F2,20,0
R1_F2_P39,R1_F2,1,1
R1_F2_P39,R1_F2,2,1
R1_F2_P39,R1_F2,3,0
R1_F2_P39,R1_F2,4,1
R1_F2_P39,R1_F2,5,1
R1_F2_P39,R1_F2,6,0
R1_F2_P39,R1_F2,7,1
R1_F2_P39,R1_F2,8,1
R1_F2_P39,R1_F2,9,1
R1_F2_P39,R1_F2,10,0
R1_F2_P39,R1_F2,11,1
R1_F2_P39,R1_F2,12,1
R1_F2_P39,R1_F2,13,1
R1_F2_P39,R1_F2,14,1
R1_F2_P39,R1_F2,15,1
R1_F2_P39,R1_F2,16,0
R1_F2_P39,R1_F2,17,0
R1_F2_P39,R1_F2,18,1
R1_F2_P39,R1_F2,19,1
R1_F2_P39,R1_F2,20,0
R1_F2_P40,R1_F2,1,0
R1_F2_P40,R1_F2,2,1
R1_F2_P40,R1_F2,3,1
R1_F2_P40,R1_F2,4,1
R1_F2_P40,R1_F2,5,1
R1_F2_P40,R1_F2,6,0
R1_F2_P40,R1_F2,7,0
R1_F2_P40,R1_F2,8,0
R1_F2_P40,R1_F2,9,0
R1_F2_P40,R1_F2,10,1
R1_F2_P40,R1_F2,11,0
R1_F2_P40,R1_F2,12,1
R1_F2_P40,R1_F2,13,0
R1_F2_P40,R1_F2,14,0
R1_F2_P40,R1_F2,15,1
R1_F2_P40,R1_F2,16,1
R1_F2_P40,R1_F2,17,0
R1_F2_P40,R1_F2,18,0
R1_F2_P40,R1_F2,19,0
R1_F2_P40,R1_F2,20,0
R1_F2_P41,R1_F2,1,0
R1_F2_P41,R1_F2,2,1
R1_F2_P41,R1_F2,3,1
R1_F2_P41,R1_F2,4,1
R1_F2_P41,R1_F2,5,1
R1_F2_P41,R1_F2,6,1
R1_F2_P41,R1_F2,7,1
R1_F2_P41,R1_F2,8,1
R1_F2_P41,R1_F2,9,1
R1_F2_P41,R1_F2,10,1
R1_F2_P41,R1_F2,11,1
R1_F2_P41,R1_F2,12,1
R1_F2_P41,R1_F2,13,0
R1_F2_P41,R1_F2,14,1
R1_F2_P41,R1_F2,15,1
R1_F2_P41,R1_F2,16,1
R1_F2_P41,R1_F2,17,0
R1_F2_P41,R1_F2,18,1
R1_F2_P41,R1_F2,19,1
R1_F2_P41,R1_F2,20,0
R1_F2_P42,R1_F2,1,1
R1_F2_P42,R1_F2,2,1
R1_F2_P42,R1_F2,3,0
R1_F2_P42,R1_F2,4,1
R1_F2_P42,R1_F2,5,0
R1_F2_P42,R1_F2,6,0
R1_F2_P42,R1_F2,7,0
R1_F2_P42,R1_F2,8,1
R1_F2_P42,R1_F2,9,1
R1_F2_P42,R1_F2,10,1
R1_F2_P42,R1_F2,11,0
R1_F2_P42,R1_F2,12,1
R1_F2_P42,R1_F2,13,1
R1_F2_P42,R1_F2,14,0
R1_F2_P42,R1_F2,15,1
R1_F2_P42,R1_F2,16,1
R1_F2_P42,R1_F2,17,1
R1_F2_P42,R1_F2,18,1
R1_F2_P42,R1_F2,19,0
R1_F2_P42,R1_F2,20,1
R1_F2_P43,R1_F2,1,0
R1_F2_P43,R1_F2,2,1
R1_F2_P43,R1_F2,3,0
R1_F2_P43,R1_F2,4,1
R1_F2_P43,R1_F2,5,0
R1_F2_P43,R1_F2,6,0
R1_F2_P43,R1_F2,7,1
R1_F2_P43,R1_F2,8,0
R1_F2_P43,R1_F2,9,1
R1_F2_P43,R1_F2,10,1
R1_F2_P43,R1_F2,11,1
R1_F2_P43,R1_F2,12,1
R1_F2_P43,R1_F2,13,0
R1_F2_P43,R1_F2,14,0
R1_F2_P43,R1_F2,15,0
R1_F2_P43,R1_F2,16,0
R1_F2_P43,R1_F2,17,0
R1_F2_P43,R1_F2,18,1
R1_F2_P43,R1_F2,19,0
R1_F2_P43,R1_F2,20,0
R1_F2_P44,R1_F2,1,0
R1_F2_P44,R1_F2,2,1
R1_F2_P44,R1_F2,3,1
R1_F2_P44,R1_F2,4,1
R1_F2_P44,R1_F2,5,1
R1_F2_P44,R1_F2,6,0
R1_F2_P44,R1_F2,7,0
R1_F2_P44,R1_F2,8,1
R1_F2_P44,R1_F2,9,1
R1_F2_P44,R1_F2,10,1
R1_F2_P44,R1_F2,11,1
R1_F2_P44,R1_F2,12,0
R1_F2_P44,R1_F2,13,1
R1_F2_P44,R1_F2,14,1
R1_F2_P44,R1_F2,15,0
R1_F2_P44,R1_F2,16,0
R1_F2_P44,R1_F2,17,1
R1_F2_P44,R1_F2,18,1
R1_F2_P44,R1_F2,19,0
R1_F2_P44,R1_F2,20,1
R1_F2_P45,R1_F2,1,0
R1_F2_P45,R1_F2,2,1
R1_F2_P45,R1_F2,3,0
R1_F2_P45,R1_F2,4,1
R1_F2_P45,R1_F2,5,1
R1_F2_P45,R1_F2,6,1
R1_F2_P45,R1_F2,7,0
R1_F2_P45,R1_F2,8,1
R1_F2_P45,R1_F2,9,0
R1_F2_P45,R1_F2,10,1
R1_F2_P45,R1_F2,11,1
R1_F2_P45,R1_F2,12,1
R1_F2_P45,R1_F2,13,0
R1_F2_P45,R1_F2,14,0
R1_F2_P45,R1_F2,15,0
R1_F2_P45,R1_F2,16,0
R1_F2_P45,R1_F2,17,1
R1_F2_P45,R1_F2,18,1
R1_F2_P45,R1_F2,19,1
R1_F2_P45,R1_F2,20,0
R1_F2_P46,R1_F2,1,0
R1_F2_P46,R1_F2,2,1
R1_F2_P46,R1_F2,3,0
R1_F2_P46,R1_F2,4,0
R1_F2_P46,R1_F2,5,1
R1_F2_P46,R1_F2,6,1
R1_F2_P46,R1_F2,7,1
R1_F2_P46,R1_F2,8,1
R1_F2_P46,R1_F2,9,1
R1_F2_P46,R1_F2,10,0
R1_F2_P46,R1_F2,11,0
R1_F2_P46,R1_F2,12,0
R1_F2_P46,R1_F2,13,1
R1_F2_P46,R1_F2,14,1
R1_F2_P46,R1_F2,15,0
R1_F2_P46,R1_F2,16,1
R1_F2_P46,R1_F2,17,0
R1_F2_P46,R1_F2,18,0
R1_F2_P46,R1_F2,19,1
R1_F2_P46,R1_F2,20,0
R1_F2_P47,R1_F2,1,1
R1_F2_P47,R1_F2,2,1
R1_F2_P47,R1_F2,3,0
R1_F2_P47,R1_F2,4,1
R1_F2_P47,R1_F2,5,1
R1_F2_P47,R1_F2,6,1
R1_F2_P47,R1_F2,7,0
R1_F2_P47,R1_F2,8,0
R1_F2_P47,R1_F2,9,0
R1_F2_P47,R1_F2,10,0
R1_F2_P47,R1_F2,11,0
R1_F2_P47,R1_F2,12,1
R1_F2_P47,R1_F2,13,0
R1_F2_P47,R1_F2,14,0
R1_F2_P47,R1_F2,15,0
R1_F2_P47,R1_F2,16,0
R1_F2_P47,R1_F2,17,0
R1_F2_P47,R1_F2,18,0
R1_F2_P47,R1_F2,19,0
R1_F2_P47,R1_F2,20,0
R1_F2_P48,R1_F2,1,1
R1_F2_P48,R1_F2,2,0
R1_F2_P48,R1_F2,3,1
R1_F2_P48,R1_F2,4,1
R1_F2_P48,R1_F2,5,0
R1_F2_P48,R1_F2,6,1
R1_F2_P48,R1_F2,7,0
R1_F2_P48,R1_F2,8,1
R1_F2_P48,R1_F2,9,1
R1_F2_P48,R1_F2,10,0
R1_F2_P48,R1_F2,11,0
R1_F2_P48,R1_F2,12,1
R1_F2_P48,R1_F2,13,0
R1_F2_P48,R1_F2,14,0
R1_F2_P48,R1_F2,15,0
R1_F2_P48,R1_F2,16,0
R1_F2_P48,R1_F2,17,1
R1_F2_P48,R1_F2,18,1
R1_F2_P48,R1_F2,19,0
R1_F2_P48,R1_F2,20,0
R1_F2_P49,R1_F2,1,0
R1_F2_P49,R1_F2,2,0
R1_F2_P49,R1_F2,3,0
R1_F2_P49,R1_F2,4,0
R1_F2_P49,R1_F2,5,1
R1_F2_P49,R1_F2,6,1
R1_F2_P49,R1_F2,7,0
R1_F2_P49,R1_F2,8,1
R1_F2_P49,R1_F2,9,1
R1_F2_P49,R1_F2,10,1
R1_F2_P49,R1_F2,11,1
R1_F2_P49,R1_F2,12,1
R1_F2_P49,R1_F2,13,0
R1_F2_P49,R1_F2,14,0
R1_F2_P49,R1_F2,15,0
R1_F2_P49,R1_F2,16,1
R1_F2_P49,R1_F2,17,0
R1_F2_P49,R1_F2,18,1
R1_F2_P49,R1_F2,19,0
R1_F2_P49,R1_F2,20,1
R1_F2_P50,R1_F2,1,1
R1_F2_P50,R1_F2,2,1
R1_F2_P50,R1_F2,3,1
R1_F2_P50,R1_F2,4,1
R1_F2_P50,R1_F2,5,1
R1_F2_P50,R1_F2,6,1
R1_F2_P50,R1_F2,7,0
R1_F2_P50,R1_F2,8,1
R1_F2_P50,R1_F2,9,0
R1_F2_P50,R1_F2,10,1
R1_F2_P50,R1_F2,11,0
R1_F2_P50,R1_F2,12,1
R1_F2_P50,R1_F2,13,0
R1_F2_P50,R1_F2,14,0
R1_F2_P50,R1_F2,15,0
R1_F2_P50,R1_F2,16,1
R1_F2_P50,R1_F2,17,0
R1_F2_P50,R1_F2,18,1
R1_F2_P50,R1_F2,19,0
R1_F2_P50,R1_F2,20,0
F2_R3_P01,F2_R3,1,0
F2_R3_P01,F2_R3,2,1
F2_R3_P01,F2_R3,3,1
F2_R3_P01,F2_R3,4,1
F2_R3_P01,F2_R3,5,1
F2_R3_P01,F2_R3,6,0
F2_R3_P01,F2_R3,7,0
F2_R3_P01,F2_R3,8,0
F2_R3_P01,F2_R3,9,0
F2_R3_P01,F2_R3,10,1
F2_R3_P01,F2_R3,11,0
F2_R3_P01,F2_R3,12,1
F2_R3_P01,F2_R3,13,0
F2_R3_P01,F2_R3,14,1
F2_R3_P01,F2_R3,15,0
F2_R3_P01,F2_R3,16,0
F2_R3_P01,F2_R3,17,1
F2_R3_P01,F2_R3,18,0
F2_R3_P01,F2_R3,19,0
F2_R3_P01,F2_R3,20,0
F2_R3_P02,F2_R3,1,0
F2_R3_P02,F2_R3,2,1
F2_R3_P02,F2_R3,3,1
F2_R3_P02,F2_R3,4,1
F2_R3_P02,F2_R3,5,0
F2_R3_P02,F2_R3,6,0
F2_R3_P02,F2_R3,7,0
F2_R3_P02,F2_R3,8,0
F2_R3_P02,F2_R3,9,0
F2_R3_P02,F2_R3,10,0
F2_R3_P02,F2_R3,11,0
F2_R3_P02,F2_R3,12,0
F2_R3_P02,F2_R3,13,0
F2_R3_P02,F2_R3,14,1
F2_R3_P02,F2_R3,15,0
F2_R3_P02,F2_R3,16,0
F2_R3_P02,F2_R3,17,0
F2_R3_P02,F2_R3,18,0
F2_R3_P02,F2_R3,19,0
F2_R3_P02,F2_R3,20,0
F2_R3_P03,F2_R3,1,0
F2_R3_P03,F2_R3,2,0
F2_R3_P03,F2_R3,3,1
F2_R3_P03,F2_R3,4,0
F2_R3_P03,F2_R3,5,0
F2_R3_P03,F2_R3,6,1
F2_R3_P03,F2_R3,7,0
F2_R3_P03,F2_R3,8,1
F2_R3_P03,F2_R3,9,1
F2_R3_P03,F2_R3,10,0
F2_R3_P03,F2_R3,11,0
F2_R3_P03,F2_R3,12,0
F2_R3_P03,F2_R3,13,0
F2_R3_P03,F2_R3,14,1
F2_R3_P03,F2_R3,15,1
F2_R3_P03,F2_R3,16,0
F2_R3_P03,F2_R3,17,0
F2_R3_P03,F2_R3,18,0
F2_R3_P03,F2_R3,19,1
F2_R3_P03,F2_R3,20,1
F2_R3_P04,F2_R3,1,1
F2_R3_P04,F2_R3,2,1
F2_R3_P04,F2_R3,3,0
F2_R3_P04,F2_R3,4,1
F2_R3_P04,F2_R3,5,1
F2_R3_P04,F2_R3,6,0
F2_R3_P04,F2_R3,7,0
F2_R3_P04,F2_R3,8,1
F2_R3_P04,F2_R3,9,0
F2_R3_P04,F2_R3,10,0
F2_R3_P04,F2_R3,11,0
F2_R3_P04,F2_R3,12,1
F2_R3_P04,F2_R3,13,1
F2_R3_P04,F2_R3,14,1
F2_R3_P04,F2_R3,15,1
F2_R3_P04,F2_R3,16,0
F2_R3_P04,F2_R3,17,0
F2_R3_P04,F2_R3,18,1
F2_R3_P04,F2_R3,19,0
F2_R3_P04,F2_R3,20,1
F2_R3_P05,F2_R3,1,0
F2_R3_P05,F2_R3,2,1
F2_R3_P05,F2_R3,3,1
F2_R3_P05,F2_R3,4,1
F2_R3_P05,F2_R3,5,0
F2_R3_P05,F2_R3,6,0
F2_R3_P05,F2_R3,7,0
F2_R3_P05,F2_R3,8,1
F2_R3_P05,F2_R3,9,1
F2_R3_P05,F2_R3,10,0
F2_R3_P05,F2_R3,11,1
F2_R3_P05,F2_R3,12,1
F2_R3_P05,F2_R3,13,1
F2_R3_P05,F2_R3,14,1
F2_R3_P05,F2_R3,15,1
F2_R3_P05,F2_R3,16,1
F2_R3_P05,F2_R3,17,0
F2_R3_P05,F2_R3,18,1
F2_R3_P05,F2_R3,19,1
F2_R3_P05,F2_R3,20,1
F2_R3_P06,F2_R3,1,0
F2_R3_P06,F2_R3,2,1
F2_R3_P06,F2_R3,3,0
F2_R3_P06,F2_R3,4,0
F2_R3_P06,F2_R3,5,1
F2_R3_P06,F2_R3,6,0
F2_R3_P06,F2_R3,7,0
F2_R3_P06,F2_R3,8,1
F2_R3_P06,F2_R3,9,0
F2_R3_P06,F2_R3,10,1
F2_R3_P06,F2_R3,11,0
F2_R3_P06,F2_R3,12,0
F2_R3_P06,F2_R3,13,1
F2_R3_P06,F2_R3,14,0
F2_R3_P06,F2_R3,15,1
F2_R3_P06,F2_R3,16,0
F2_R3_P06,F2_R3,17,0
F2_R3_P06,F2_R3,18,0
F2_R3_P06,F2_R3,19,0
F2_R3_P06,F2_R3,20,1
F2_R3_P07,F2_R3,1,1
F2_R3_P07,F2_R3,2,1
F2_R3_P07,F2_R3,3,1
F2_R3_P07,F2_R3,4,0
F2_R3_P07,F2_R3,5,0
F2_R3_P07,F2_R3,6,0
F2_R3_P07,F2_R3,7,0
F2_R3_P07,F2_R3,8,1
F2_R3_P07,F2_R3,9,1
F2_R3_P07,F2_R3,10,1
F2_R3_P07,F2_R3,11,0
F2_R3_P07,F2_R3,12,1
F2_R3_P07,F2_R3,13,0
F2_R3_P07,F2_R3,14,1
F2_R3_P07,F2_R3,15,0
F2_R3_P07,F2_R3,16,0
F2_R3_P07,F2_R3,17,0
F2_R3_P07,F2_R3,18,1
F2_R3_P07,F2_R3,19,0
F2_R3_P07,F2_R3,20,0
F2_R3_P08,F2_R3,1,1
F2_R3_P08,F2_R3,2,1
F2_R3_P08,F2_R3,3,1
F2_R3_P08,F2_R3,4,0
F2_R3_P08,F2_R3,5,0
F2_R3_P08,F2_R3,6,0
F2_R3_P08,F2_R3,7,1
F2_R3_P08,F2_R3,8,1
F2_R3_P08,F2_R3,9,1
F2_R3_P08,F2_R3,10,1
F2_R3_P08,F2_R3,11,0
F2_R3_P08,F2_R3,12,1
F2_R3_P08,F2_R3,13,1
F2_R3_P08,F2_R3,14,1
F2_R3_P08,F2_R3,15,0
F2_R3_P08,F2_R3,16,1
F2_R3_P08,F2_R3,17,1
F2_R3_P08,F2_R3,18,1
F2_R3_P08,F2_R3,19,0
F2_R3_P08,F2_R3,20,1
F2_R3_P09,F2_R3,1,1
F2_R3_P09,F2_R3,2,1
F2_R3_P09,F2_R3,3,1
F2_R3_P09,F2_R3,4,0
F2_R3_P09,F2_R3,5,0
F2_R3_P09,F2_R3,6,0
F2_R3_P09,F2_R3,7,1
F2_R3_P09,F2_R3,8,1
F2_R3_P09,F2_R3,9,1
F2_R3_P09,F2_R3,10,1
F2_R3_P09,F2_R3,11,0
F2_R3_P09,F2_R3,12,0
F2_R3_P09,F2_R3,13,0
F2_R3_P09,F2_R3,14,1
F2_R3_P09,F2_R3,15,1
F2_R3_P09,F2_R3,16,1
F2_R3_P09,F2_R3,17,1
F2_R3_P09,F2_R3,18,1
F2_R3_P09,F2_R3,19,1
F2_R3_P09,F2_R3,20,0
F2_R3_P10,F2_R3,1,1
F2_R3_P10,F2_R3,2,0
F2_R3_P10,F2_R3,3,1
F2_R3_P10,F2_R3,4,1
F2_R3_P10,F2_R3,5,0
F2_R3_P10,F2_R3,6,0
F2_R3_P10,F2_R3,7,0
F2_R3_P10,F2_R3,8,0
F2_R3_P10,F2_R3,9,0
F2_R3_P10,F2_R3,10,1
F2_R3_P10,F2_R3,11,0
F2_R3_P10,F2_R3,12,1
F2_R3_P10,F2_R3,13,0
F2_R3_P10,F2_R3,14,1
F2_R3_P10,F2_R3,15,0
F2_R3_P10,F2_R3,16,0
F2_R3_P10,F2_R3,17,1
F2_R3_P10,F2_R3,18,0
F2_R3_P10,F2_R3,19,1
F2_R3_P10,F2_R3,20,0
F2_R3_P11,F2_R3,1,1
F2_R3_P11,F2_R3,2,1
F2_R3_P11,F2_R3,3,1
F2_R3_P11,F2_R3,4,1
F2_R3_P11,F2_R3,5,0
F2_R3_P11,F2_R3,6,0
F2_R3_P11,F2_R3,7,1
F2_R3_P11,F2_R3,8,1
F2_R3_P11,F2_R3,9,1
F2_R3_P11,F2_R3,10,0
F2_R3_P11,F2_R3,11,0
F2_R3_P11,F2_R3,12,1
F2_R3_P11,F2_R3,13,0
F2_R3_P11,F2_R3,14,1
F2_R3_P11,F2_R3,15,1
F2_R3_P11,F2_R3,16,0
F2_R3_P11,F2_R3,17,0
F2_R3_P11,F2_R3,18,0
F2_R3_P11,F2_R3,19,1
F2_R3_P11,F2_R3,20,1
F2_R3_P12,F2_R3,1,0
F2_R3_P12,F2_R3,2,1
F2_R3_P12,F2_R3,3,0
F2_R3_P12,F2_R3,4,0
F2_R3_P12,F2_R3,5,1
F2_R3_P12,F2_R3,6,0
F2_R3_P12,F2_R3,7,0
F2_R3_P12,F2_R3,8,0
F2_R3_P12,F2_R3,9,1
F2_R3_P12,F2_R3,10,1
F2_R3_P12,F2_R3,11,0
F2_R3_P12,F2_R3,12,1
F2_R3_P12,F2_R3,13,0
F2_R3_P12,F2_R3,14,1
F2_R3_P12,F2_R3,15,0
F2_R3_P12,F2_R3,16,0
F2_R3_P12,F2_R3,17,0
F2_R3_P12,F2_R3,18,1
F2_R3_P12,F2_R3,19,0
F2_R3_P12,F2_R3,20,0
F2_R3_P13,F2_R3,1,1
F2_R3_P13,F2_R3,2,0
F2_R3_P13,F2_R3,3,1
F2_R3_P13,F2_R3,4,0
F2_R3_P13,F2_R3,5,0
F2_R3_P13,F2_R3,6,0
F2_R3_P13,F2_R3,7,1
F2_R3_P13,F2_R3,8,0
F2_R3_P13,F2_R3,9,0
F2_R3_P13,F2_R3,10,0
F2_R3_P13,F2_R3,11,0
F2_R3_P13,F2_R3,12,0
F2_R3_P13,F2_R3,13,0
F2_R3_P13,F2_R3,14,1
F2_R3_P13,F2_R3,15,0
F2_R3_P13,F2_R3,16,1
F2_R3_P13,F2_R3,17,0
F2_R3_P13,F2_R3,18,1
F2_R3_P13,F2_R3,19,1
F2_R3_P13,F2_R3,20,1
F2_R3_P14,F2_R3,1,1
F2_R3_P14,F2_R3,2,1
F2_R3_P14,F2_R3,3,1
F2_R3_P14,F2_R3,4,0
F2_R3_P14,F2_R3,5,0
F2_R3_P14,F2_R3,6,1
F2_R3_P14,F2_R3,7,0
F2_R3_P14,F2_R3,8,1
F2_R3_P14,F2_R3,9,0
F2_R3_P14,F2_R3,10,0
F2_R3_P14,F2_R3,11,0
F2_R3_P14,F2_R3,12,1
F2_R3_P14,F2_R3,13,0
F2_R3_P14,F2_R3,14,1
F2_R3_P14,F2_R3,15,1
F2_R3_P14,F2_R3,16,0
F2_R3_P14,F2_R3,17,0
F2_R3_P14,F2_R3,18,0
F2_R3_P14,F2_R3,19,1
F2_R3_P14,F2_R3,20,0
F2_R3_P15,F2_R3,1,0
F2_R3_P15,F2_R3,2,0
F2_R3_P15,F2_R3,3,0
F2_R3_P15,F2_R3,4,1
F2_R3_P15,F2_R3,5,0
F2_R3_P15,F2_R3,6,1
F2_R3_P15,F2_R3,7,0
F2_R3_P15,F2_R3,8,0
F2_R3_P15,F2_R3,9,0
F2_R3_P15,F2_R3,10,0
F2_R3_P15,F2_R3,11,0
F2_R3_P15,F2_R3,12,0
F2_R3_P15,F2_R3,13,0
F2_R3_P15,F2_R3,14,1
F2_R3_P15,F2_R3,15,0
F2_R3_P15,F2_R3,16,0
F2_R3_P15,F2_R3,17,0
F2_R3_P15,F2_R3,18,1
F2_R3_P15,F2_R3,19,0
F2_R3_P15,F2_R3,20,0
F2_R3_P16,F2_R3,1,0
F2_R3_P16,F2_R3,2,0
F2_R3_P16,F2_R3,3,1
F2_R3_P16,F2_R3,4,1
F2_R3_P16,F2_R3,5,1
F2_R3_P16,F2_R3,6,1
F2_R3_P16,F2_R3,7,0
F2_R3_P16,F2_R3,8,1
F2_R3_P16,F2_R3,9,1
F2_R3_P16,F2_R3,10,1
F2_R3_P16,F2_R3,11,1
F2_R3_P16,F2_R3,12,1
F2_R3_P16,F2_R3,13,0
F2_R3_P16,F2_R3,14,1
F2_R3_P16,F2_R3,15,0
F2_R3_P16,F2_R3,16,0
F2_R3_P16,F2_R3,17,0
F2_R3_P16,F2_R3,18,1
F2_R3_P16,F2_R3,19,1
F2_R3_P16,F2_R3,20,0
F2_R3_P17,F2_R3,1,1
F2_R3_P17,F2_R3,2,0
F2_R3_P17,F2_R3,3,1
F2_R3_P17,F2_R3,4,0
F2_R3_P17,F2_R3,5,0
F2_R3_P17,F2_R3,6,1
F2_R3_P17,F2_R3,7,0
F2_R3_P17,F2_R3,8,0
F2_R3_P17,F2_R3,9,0
F2_R3_P17,F2_R3,10,0
F2_R3_P17,F2_R3,11,0
F2_R3_P17,F2_R3,12,0
F2_R3_P17,F2_R3,13,0
F2_R3_P17,F2_R3,14,1
F2_R3_P17,F2_R3,15,0
F2_R3_P17,F2_R3,16,1
F2_R3_P17,F2_R3,17,1
F2_R3_P17,F2_R3,18,1
F2_R3_P17,F2_R3,19,0
F2_R3_P17,F2_R3,20,1
F2_R3_P18,F2_R3,1,0
F2_R3_P18,F2_R3,2,0
F2_R3_P18,F2_R3,3,1
F2_R3_P18,F2_R3,4,0
F2_R3_P18,F2_R3,5,0
F2_R3_P18,F2_R3,6,0
F2_R3_P18,F2_R3,7,1
F2_R3_P18,F2_R3,8,0
F2_R3_P18,F2_R3,9,0
F2_R3_P18,F2_R3,10,0
F2_R3_P18,F2_R3,11,0
F2_R3_P18,F2_R3,12,1
F2_R3_P18,F2_R3,13,0
F2_R3_P18,F2_R3,14,0
F2_R3_P18,F2_R3,15,1
F2_R3_P18,F2_R3,16,0
F2_R3_P18,F2_R3,17,0
F2_R3_P18,F2_R3,18,0
F2_R3_P18,F2_R3,19,1
F2_R3_P18,F2_R3,20,0
F2_R3_P19,F2_R3,1,0
F2_R3_P19,F2_R3,2,0
F2_R3_P19,F2_R3,3,0
F2_R3_P19,F2_R3,4,1
F2_R3_P19,F2_R3,5,0
F2_R3_P19,F2_R3,6,0
F2_R3_P19,F2_R3,7,0
F2_R3_P19,F2_R3,8,1
F2_R3_P19,F2_R3,9,1
F2_R3_P19,F2_R3,10,1
F2_R3_P19,F2_R3,11,0
F2_R3_P19,F2_R3,12,0
F2_R3_P19,F2_R3,13,0
F2_R3_P19,F2_R3,14,1
F2_R3_P19,F2_R3,15,1
F2_R3_P19,F2_R3,16,0
F2_R3_P19,F2_R3,17,1
F2_R3_P19,F2_R3,18,0
F2_R3_P19,F2_R3,19,1
F2_R3_P19,F2_R3,20,1
F2_R3_P20,F2_R3,1,1
F2_R3_P20,F2_R3,2,0
F2_R3_P20,F2_R3,3,1
F2_R3_P20,F2_R3,4,0
F2_R3_P20,F2_R3,5,1
F2_R3_P20,F2_R3,6,0
F2_R3_P20,F2_R3,7,0
F2_R3_P20,F2_R3,8,0
F2_R3_P20,F2_R3,9,1
F2_R3_P20,F2_R3,10,0
F2_R3_P20,F2_R3,11,1
F2_R3_P20,F2_R3,12,0
F2_R3_P20,F2_R3,13,1
F2_R3_P20,F2_R3,14,1
F2_R3_P20,F2_R3,15,1
F2_R3_P20,F2_R3,16,1
F2_R3_P20,F2_R3,17,0
F2_R3_P20,F2_R3,18,0
F2_R3_P20,F2_R3,19,1
F2_R3_P20,F2_R3,20,1
F2_R3_P21,F2_R3,1,0
F2_R3_P21,F2_R3,2,1
F2_R3_P21,F2_R3,3,0
F2_R3_P21,F2_R3,4,0
F2_R3_P21,F2_R3,5,0
F2_R3_P21,F2_R3,6,0
F2_R3_P21,F2_R3,7,1
F2_R3_P21,F2_R3,8,1
F2_R3_P21,F2_R3,9,1
F2_R3_P21,F2_R3,10,1
F2_R3_P21,F2_R3,11,1
F2_R3_P21,F2_R3,12,1
F2_R3_P21,F2_R3,13,0
F2_R3_P21,F2_R3,14,1
F2_R3_P21,F2_R3,15,0
F2_R3_P21,F2_R3,16,1
F2_R3_P21,F2_R3,17,0
F2_R3_P21,F2_R3,18,1
F2_R3_P21,F2_R3,19,1
F2_R3_P21,F2_R3,20,1
F2_R3_P22,F2_R3,1,1
F2_R3_P22,F2_R3,2,0
F2_R3_P22,F2_R3,3,0
F2_R3_P22,F2_R3,4,0
F2_R3_P22,F2_R3,5,0
F2_R3_P22,F2_R3,6,0
F2_R3_P22,F2_R3,7,1
F2_R3_P22,F2_R3,8,0
F2_R3_P22,F2_R3,9,0
F2_R3_P22,F2_R3,10,0
F2_R3_P22,F2_R3,11,1
F2_R3_P22,F2_R3,12,0
F2_R3_P22,F2_R3,13,0
F2_R3_P22,F2_R3,14,1
F2_R3_P22,F2_R3,15,1
F2_R3_P22,F2_R3,16,0
F2_R3_P22,F2_R3,17,0
F2_R3_P22,F2_R3,18,0
F2_R3_P22,F2_R3,19,1
F2_R3_P22,F2_R3,20,1
F2_R3_P23,F2_R3,1,0
F2_R3_P23,F2_R3,2,0
F2_R3_P23,F2_R3,3,1
F2_R3_P23,F2_R3,4,0
F2_R3_P23,F2_R3,5,1
F2_R3_P23,F2_R3,6,1
F2_R3_P23,F2_R3,7,0
F2_R3_P23,F2_R3,8,1
F2_R3_P23,F2_R3,9,0
F2_R3_P23,F2_R3,10,0
F2_R3_P23,F2_R3,11,0
F2_R3_P23,F2_R3,12,1
F2_R3_P23,F2_R3,13,0
F2_R3_P23,F2_R3,14,1
F2_R3_P23,F2_R3,15,1
F2_R3_P23,F2_R3,16,1
F2_R3_P23,F2_R3,17,0
F2_R3_P23,F2_R3,18,1
F2_R3_P23,F2_R3,19,1
F2_R3_P23,F2_R3,20,1
F2_R3_P24,F2_R3,1,0
F2_R3_P24,F2_R3,2,0
F2_R3_P24,F2_R3,3,1
F2_R3_P24,F2_R3,4,0
F2_R3_P24,F2_R3,5,1
F2_R3_P24,F2_R3,6,0
F2_R3_P24,F2_R3,7,1
F2_R3_P24,F2_R3,8,1
F2_R3_P24,F2_R3,9,0
F2_R3_P24,F2_R3,10,0
F2_R3_P24,F2_R3,11,1
F2_R3_P24,F2_R3,12,0
F2_R3_P24,F2_R3,13,0
F2_R3_P24,F2_R3,14,1
F2_R3_P24,F2_R3,15,0
F2_R3_P24,F2_R3,16,0
F2_R3_P24,F2_R3,17,0
F2_R3_P24,F2_R3,18,0
F2_R3_P24,F2_R3,19,1
F2_R3_P24,F2_R3,20,0
F2_R3_P25,F2_R3,1,0
F2_R3_P25,F2_R3,2,1
F2_R3_P25,F2_R3,3,1
F2_R3_P25,F2_R3,4,1
F2_R3_P25,F2_R3,5,0
F2_R3_P25,F2_R3,6,1
F2_R3_P25,F2_R3,7,0
F2_R3_P25,F2_R3,8,0
F2_R3_P25,F2_R3,9,1
F2_R3_P25,F2_R3,10,0
F2_R3_P25,F2_R3,11,1
F2_R3_P25,F2_R3,12,1
F2_R3_P25,F2_R3,13,0
F2_R3_P25,F2_R3,14,1
F2_R3_P25,F2_R3,15,0
F2_R3_P25,F2_R3,16,0
F2_R3_P25,F2_R3,17,0
F2_R3_P25,F2_R3,18,1
F2_R3_P25,F2_R3,19,1
F2_R3_P25,F2_R3,20,1
F2_R3_P26,F2_R3,1,0
F2_R3_P26,F2_R3,2,1
F2_R3_P26,F2_R3,3,0
F2_R3_P26,F2_R3,4,0
F2_R3_P26,F2_R3,5,1
F2_R3_P26,F2_R3,6,0
F2_R3_P26,F2_R3,7,0
F2_R3_P26,F2_R3,8,0
F2_R3_P26,F2_R3,9,0
F2_R3_P26,F2_R3,10,0
F2_R3_P26,F2_R3,11,0
F2_R3_P26,F2_R3,12,1
F2_R3_P26,F2_R3,13,0
F2_R3_P26,F2_R3,14,1
F2_R3_P26,F2_R3,15,1
F2_R3_P26,F2_R3,16,0
F2_R3_P26,F2_R3,17,0
F2_R3_P26,F2_R3,18,1
F2_R3_P26,F2_R3,19,1
F2_R3_P26,F2_R3,20,0
F2_R3_P27,F2_R3,1,1
F2_R3_P27,F2_R3,2,0
F2_R3_P27,F2_R3,3,0
F2_R3_P27,F2_R3,4,0
F2_R3_P27,F2_R3,5,1
F2_R3_P27,F2_R3,6,0
F2_R3_P27,F2_R3,7,1
F2_R3_P27,F2_R3,8,1
F2_R3_P27,F2_R3,9,1
F2_R3_P27,F2_R3,10,1
F2_R3_P27,F2_R3,11,0
F2_R3_P27,F2_R3,12,0
F2_R3_P27,F2_R3,13,0
F2_R3_P27,F2_R3,14,1
F2_R3_P27,F2_R3,15,1
F2_R3_P27,F2_R3,16,0
F2_R3_P27,F2_R3,17,0
F2_R3_P27,F2_R3,18,1
F2_R3_P27,F2_R3,19,0
F2_R3_P27,F2_R3,20,0
F2_R3_P28,F2_R3,1,0
F2_R3_P28,F2_R3,2,1
F2_R3_P28,F2_R3,3,1
F2_R3_P28,F2_R3,4,0
F2_R3_P28,F2_R3,5,0
F2_R3_P28,F2_R3,6,1
F2_R3_P28,F2_R3,7,1
F2_R3_P28,F2_R3,8,0
F2_R3_P28,F2_R3,9,0
F2_R3_P28,F2_R3,10,0
F2_R3_P28,F2_R3,11,0
F2_R3_P28,F2_R3,12,1
F2_R3_P28,F2_R3,13,0
F2_R3_P28,F2_R3,14,1
F2_R3_P28,F2_R3,15,1
F2_R3_P28,F2_R3,16,0
F2_R3_P28,F2_R3,17,0
F2_R3_P28,F2_R3,18,1
F2_R3_P28,F2_R3,19,1
F2_R3_P28,F2_R3,20,1
F2_R3_P29,F2_R3,1,0
F2_R3_P29,F2_R3,2,1
F2_R3_P29,F2_R3,3,1
F2_R3_P29,F2_R3,4,0
F2_R3_P29,F2_R3,5,0
F2_R3_P29,F2_R3,6,0
F2_R3_P29,F2_R3,7,1
F2_R3_P29,F2_R3,8,1
F2_R3_P29,F2_R3,9,0
F2_R3_P29,F2_R3,10,0
F2_R3_P29,F2_R3,11,0
F2_R3_P29,F2_R3,12,1
F2_R3_P29,F2_R3,13,1
F2_R3_P29,F2_R3,14,0
F2_R3_P29,F2_R3,15,1
F2_R3_P29,F2_R3,16,1
F2_R3_P29,F2_R3,17,0
F2_R3_P29,F2_R3,18,1
F2_R3_P29,F2_R3,19,1
F2_R3_P29,F2_R3,20,1
F2_R3_P30,F2_R3,1,0
F2_R3_P30,F2_R3,2,1
F2_R3_P30,F2_R3,3,1
F2_R3_P30,F2_R3,4,1
F2_R3_P30,F2_R3,5,1
F2_R3_P30,F2_R3,6,0
F2_R3_P30,F2_R3,7,0
F2_R3_P30,F2_R3,8,0
F2_R3_P30,F2_R3,9,0
F2_R3_P30,F2_R3,10,0
F2_R3_P30,F2_R3,11,0
F2_R3_P30,F2_R3,12,0
F2_R3_P30,F2_R3,13,0
F2_R3_P30,F2_R3,14,1
F2_R3_P30,F2_R3,15,0
F2_R3_P30,F2_R3,16,0
F2_R3_P30,F2_R3,17,0
F2_R3_P30,F2_R3,18,1
F2_R3_P30,F2_R3,19,1
F2_R3_P30,F2_R3,20,0
F2_R3_P31,F2_R3,1,1
F2_R3_P31,F2_R3,2,1
F2_R3_P31,F2_R3,3,1
F2_R3_P31,F2_R3,4,0
F2_R3_P31,F2_R3,5,1
F2_R3_P31,F2_R3,6,1
F2_R3_P31,F2_R3,7,1
F2_R3_P31,F2_R3,8,1
F2_R3_P31,F2_R3,9,1
F2_R3_P31,F2_R3,10,0
F2_R3_P31,F2_R3,11,0
F2_R3_P31,F2_R3,12,0
F2_R3_P31,F2_R3,13,1
F2_R3_P31,F2_R3,14,1
F2_R3_P31,F2_R3,15,1
F2_R3_P31,F2_R3,16,1
F2_R3_P31,F2_R3,17,0
F2_R3_P31,F2_R3,18,1
F2_R3_P31,F2_R3,19,1
F2_R3_P31,F2_R3,20,0
F2_R3_P32,F2_R3,1,1
F2_R3_P32,F2_R3,2,1
F2_R3_P32,F2_R3,3,1
F2_R3_P32,F2_R3,4,1
F2_R3_P32,F2_R3,5,1
F2_R3_P32,F2_R3,6,1
F2_R3_P32,F2_R3,7,1
F2_R3_P32,F2_R3,8,1
F2_R3_P32,F2_R3,9,1
F2_R3_P32,F2_R3,10,1
F2_R3_P32,F2_R3,11,0
F2_R3_P32,F2_R3,12,1
F2_R3_P32,F2_R3,13,0
F2_R3_P32,F2_R3,14,1
F2_R3_P32,F2_R3,15,1
F2_R3_P32,F2_R3,16,1
F2_R3_P32,F2_R3,17,0
F2_R3_P32,F2_R3,18,1
F2_R3_P32,F2_R3,19,1
F2_R3_P32,F2_R3,20,0
F2_R3_P33,F2_R3,1,1
F2_R3_P33,F2_R3,2,1
F2_R3_P33,F2_R3,3,1
F2_R3_P33,F2_R3,4,0
F2_R3_P33,F2_R3,5,0
F2_R3_P33,F2_R3,6,1
F2_R3_P33,F2_R3,7,0
F2_R3_P33,F2_R3,8,1
F2_R3_P33,F2_R3,9,1
F2_R3_P33,F2_R3,10,0
F2_R3_P33,F2_R3,11,1
F2_R3_P33,F2_R3,12,1
F2_R3_P33,F2_R3,13,1
F2_R3_P33,F2_R3,14,1
F2_R3_P33,F2_R3,15,0
F2_R3_P33,F2_R3,16,1
F2_R3_P33,F2_R3,17,1
F2_R3_P33,F2_R3,18,0
F2_R3_P33,F2_R3,19,1
F2_R3_P33,F2_R3,20,1
F2_R3_P34,F2_R3,1,0
F2_R3_P34,F2_R3,2,0
F2_R3_P34,F2_R3,3,1
F2_R3_P34,F2_R3,4,1
F2_R3_P34,F2_R3,5,0
F2_R3_P34,F2_R3,6,1
F2_R3_P34,F2_R3,7,0
F2_R3_P34,F2_R3,8,0
F2_R3_P34,F2_R3,9,0
F2_R3_P34,F2_R3,10,0
F2_R3_P34,F2_R3,11,1
F2_R3_P34,F2_R3,12,0
F2_R3_P34,F2_R3,13,0
F2_R3_P34,F2_R3,14,0
F2_R3_P34,F2_R3,15,1
F2_R3_P34,F2_R3,16,0
F2_R3_P34,F2_R3,17,0
F2_R3_P34,F2_R3,18,0
F2_R3_P34,F2_R3,19,1
F2_R3_P34,F2_R3,20,0
F2_R3_P35,F2_R3,1,1
F2_R3_P35,F2_R3,2,0
F2_R3_P35,F2_R3,3,0
F2_R3_P35,F2_R3,4,0
F2_R3_P35,F2_R3,5,0
F2_R3_P35,F2_R3,6,0
F2_R3_P35,F2_R3,7,1
F2_R3_P35,F2_R3,8,1
F2_R3_P35,F2_R3,9,0
F2_R3_P35,F2_R3,10,0
F2_R3_P35,F2_R3,11,0
F2_R3_P35,F2_R3,12,0
F2_R3_P35,F2_R3,13,0
F2_R3_P35,F2_R3,14,1
F2_R3_P35,F2_R3,15,0
F2_R3_P35,F2_R3,16,0
F2_R3_P35,F2_R3,17,0
F2_R3_P35,F2_R3,18,0
F2_R3_P35,F2_R3,19,1
F2_R3_P35,F2_R3,20,1
F2_R3_P36,F2_R3,1,0
F2_R3_P36,F2_R3,2,0
F2_R3_P36,F2_R3,3,1
F2_R3_P36,F2_R3,4,1
F2_R3_P36,F2_R3,5,1
F2_R3_P36,F2_R3,6,1
F2_R3_P36,F2_R3,7,1
F2_R3_P36,F2_R3,8,0
F2_R3_P36,F2_R3,9,1
F2_R3_P36,F2_R3,10,0
F2_R3_P36,F2_R3,11,0
F2_R3_P36,F2_R3,12,1
F2_R3_P36,F2_R3,13,0
F2_R3_P36,F2_R3,14,1
F2_R3_P36,F2_R3,15,0
F2_R3_P36,F2_R3,16,1
F2_R3_P36,F2_R3,17,0
F2_R3_P36,F2_R3,18,1
F2_R3_P36,F2_R3,19,1
F2_R3_P36,F2_R3,20,1
F2_R3_P37,F2_R3,1,0
F2_R3_P37,F2_R3,2,0
F2_R3_P37,F2_R3,3,1
F2_R3_P37,F2_R3,4,0
F2_R3_P37,F2_R3,5,0
F2_R3_P37,F2_R3,6,0
F2_R3_P37,F2_R3,7,1
F2_R3_P37,F2_R3,8,0
F2_R3_P37,F2_R3,9,0
F2_R3_P37,F2_R3,10,0
F2_R3_P37,F2_R3,11,1
F2_R3_P37,F2_R3,12,0
F2_R3_P37,F2_R3,13,0
F2_R3_P37,F2_R3,14,0
F2_R3_P37,F2_R3,15,1
F2_R3_P37,F2_R3,16,0
F2_R3_P37,F2_R3,17,0
F2_R3_P37,F2_R3,18,0
F2_R3_P37,F2_R3,19,1
F2_R3_P37,F2_R3,20,1
F2_R3_P38,F2_R3,1,0
F2_R3_P38,F2_R3,2,1
F2_R3_P38,F2_R3,3,0
F2_R3_P38,F2_R3,4,0
F2_R3_P38,F2_R3,5,0
F2_R3_P38,F2_R3,6,1
F2_R3_P38,F2_R3,7,0
F2_R3_P38,F2_R3,8,0
F2_R3_P38,F2_R3,9,1
F2_R3_P38,F2_R3,10,0
F2_R3_P38,F2_R3,11,0
F2_R3_P38,F2_R3,12,0
F2_R3_P38,F2_R3,13,1
F2_R3_P38,F2_R3,14,0
F2_R3_P38,F2_R3,15,1
F2_R3_P38,F2_R3,16,0
F2_R3_P38,F2_R3,17,1
F2_R3_P38,F2_R3,18,0
F2_R3_P38,F2_R3,19,1
F2_R3_P38,F2_R3,20,0
F2_R3_P39,F2_R3,1,0
F2_R3_P39,F2_R3,2,1
F2_R3_P39,F2_R3,3,1
F2_R3_P39,F2_R3,4,0
F2_R3_P39,F2_R3,5,0
F2_R3_P39,F2_R3,6,1
F2_R3_P39,F2_R3,7,0
F2_R3_P39,F2_R3,8,1
F2_R3_P39,F2_R3,9,1
F2_R3_P39,F2_R3,10,1
F2_R3_P39,F2_R3,11,1
F2_R3_P39,F2_R3,12,0
F2_R3_P39,F2_R3,13,1
F2_R3_P39,F2_R3,14,1
F2_R3_P39,F2_R3,15,1
F2_R3_P39,F2_R3,16,0
F2_R3_P39,F2_R3,17,0
F2_R3_P39,F2_R3,18,1
F2_R3_P39,F2_R3,19,1
F2_R3_P39,F2_R3,20,1
F2_R3_P40,F2_R3,1,1
F2_R3_P40,F2_R3,2,1
F2_R3_P40,F2_R3,3,1
F2_R3_P40,F2_R3,4,0
F2_R3_P40,F2_R3,5,0
F2_R3_P40,F2_R3,6,1
F2_R3_P40,F2_R3,7,0
F2_R3_P40,F2_R3,8,0
F2_R3_P40,F2_R3,9,0
F2_R3_P40,F2_R3,10,0
F2_R3_P40,F2_R3,11,0
F2_R3_P40,F2_R3,12,0
F2_R3_P40,F2_R3,13,1
F2_R3_P40,F2_R3,14,1
F2_R3_P40,F2_R3,15,1
F2_R3_P40,F2_R3,16,1
F2_R3_P40,F2_R3,17,0
F2_R3_P40,F2_R3,18,0
F2_R3_P40,F2_R3,19,0
F2_R3_P40,F2_R3,20,0
F2_R3_P41,F2_R3,1,1
F2_R3_P41,F2_R3,2,1
F2_R3_P41,F2_R3,3,1
F2_R3_P41,F2_R3,4,0
F2_R3_P41,F2_R3,5,1
F2_R3_P41,F2_R3,6,0
F2_R3_P41,F2_R3,7,0
F2_R3_P41,F2_R3,8,1
F2_R3_P41,F2_R3,9,0
F2_R3_P41,F2_R3,10,0
F2_R3_P41,F2_R3,11,0
F2_R3_P41,F2_R3,12,0
F2_R3_P41,F2_R3,13,0
F2_R3_P41,F2_R3,14,1
F2_R3_P41,F2_R3,15,1
F2_R3_P41,F2_R3,16,0
F2_R3_P41,F2_R3,17,0
F2_R3_P41,F2_R3,18,0
F2_R3_P41,F2_R3,19,1
F2_R3_P41,F2_R3,20,0
F2_R3_P42,F2_R3,1,1
F2_R3_P42,F2_R3,2,0
F2_R3_P42,F2_R3,3,1
F2_R3_P42,F2_R3,4,1
F2_R3_P42,F2_R3,5,1
F2_R3_P42,F2_R3,6,0
F2_R3_P42,F2_R3,7,0
F2_R3_P42,F2_R3,8,1
F2_R3_P42,F2_R3,9,0
F2_R3_P42,F2_R3,10,0
F2_R3_P42,F2_R3,11,0
F2_R3_P42,F2_R3,12,0
F2_R3_P42,F2_R3,13,0
F2_R3_P42,F2_R3,14,1
F2_R3_P42,F2_R3,15,0
F2_R3_P42,F2_R3,16,0
F2_R3_P42,F2_R3,17,0
F2_R3_P42,F2_R3,18,0
F2_R3_P42,F2_R3,19,1
F2_R3_P42,F2_R3,20,1
F2_R3_P43,F2_R3,1,0
F2_R3_P43,F2_R3,2,1
F2_R3_P43,F2_R3,3,1
F2_R3_P43,F2_R3,4,0
F2_R3_P43,F2_R3,5,0
F2_R3_P43,F2_R3,6,0
F2_R3_P43,F2_R3,7,0
F2_R3_P43,F2_R3,8,0
F2_R3_P43,F2_R3,9,1
F2_R3_P43,F2_R3,10,0
F2_R3_P43,F2_R3,11,0
F2_R3_P43,F2_R3,12,1
F2_R3_P43,F2_R3,13,0
F2_R3_P43,F2_R3,14,1
F2_R3_P43,F2_R3,15,0
F2_R3_P43,F2_R3,16,0
F2_R3_P43,F2_R3,17,0
F2_R3_P43,F2_R3,18,1
F2_R3_P43,F2_R3,19,1
F2_R3_P43,F2_R3,20,0
F2_R3_P44,F2_R3,1,0
F2_R3_P44,F2_R3,2,1
F2_R3_P44,F2_R3,3,1
F2_R3_P44,F2_R3,4,1
F2_R3_P44,F2_R3,5,0
F2_R3_P44,F2_R3,6,0
F2_R3_P44,F2_R3,7,1
F2_R3_P44,F2_R3,8,1
F2_R3_P44,F2_R3,9,1
F2_R3_P44,F2_R3,10,0
F2_R3_P44,F2_R3,11,1
F2_R3_P44,F2_R3,12,1
F2_R3_P44,F2_R3,13,1
F2_R3_P44,F2_R3,14,0
F2_R3_P44,F2_R3,15,0
F2_R3_P44,F2_R3,16,1
F2_R3_P44,F2_R3,17,1
F2_R3_P44,F2_R3,18,1
F2_R3_P44,F2_R3,19,0
F2_R3_P44,F2_R3,20,1
F2_R3_P45,F2_R3,1,0
F2_R3_P45,F2_R3,2,1
F2_R3_P45,F2_R3,3,1
F2_R3_P45,F2_R3,4,1
F2_R3_P45,F2_R3,5,0
F2_R3_P45,F2_R3,6,0
F2_R3_P45,F2_R3,7,0
F2_R3_P45,F2_R3,8,0
F2_R3_P45,F2_R3,9,1
F2_R3_P45,F2_R3,10,0
F2_R3_P45,F2_R3,11,0
F2_R3_P45,F2_R3,12,0
F2_R3_P45,F2_R3,13,0
F2_R3_P45,F2_R3,14,0
F2_R3_P45,F2_R3,15,1
F2_R3_P45,F2_R3,16,1
F2_R3_P45,F2_R3,17,0
F2_R3_P45,F2_R3,18,0
F2_R3_P45,F2_R3,19,1
F2_R3_P45,F2_R3,20,0
F2_R3_P46,F2_R3,1,0
F2_R3_P46,F2_R3,2,0
F2_R3_P46,F2_R3,3,1
F2_R3_P46,F2_R3,4,0
F2_R3_P46,F2_R3,5,0
F2_R3_P46,F2_R3,6,0
F2_R3_P46,F2_R3,7,1
F2_R3_P46,F2_R3,8,1
F2_R3_P46,F2_R3,9,1
F2_R3_P46,F2_R3,10,0
F2_R3_P46,F2_R3,11,0
F2_R3_P46,F2_R3,12,0
F2_R3_P46,F2_R3,13,0
F2_R3_P46,F2_R3,14,1
F2_R3_P46,F2_R3,15,0
F2_R3_P46,F2_R3,16,0
F2_R3_P46,F2_R3,17,0
F2_R3_P46,F2_R3,18,0
F2_R3_P46,F2_R3,19,1
F2_R3_P46,F2_R3,20,0
F2_R3_P47,F2_R3,1,0
F2_R3_P47,F2_R3,2,1
F2_R3_P47,F2_R3,3,1
F2_R3_P47,F2_R3,4,0
F2_R3_P47,F2_R3,5,1
F2_R3_P47,F2_R3,6,0
F2_R3_P47,F2_R3,7,0
F2_R3_P47,F2_R3,8,1
F2_R3_P47,F2_R3,9,1
F2_R3_P47,F2_R3,10,1
F2_R3_P47,F2_R3,11,1
F2_R3_P47,F2_R3,12,1
F2_R3_P47,F2_R3,13,0
F2_R3_P47,F2_R3,14,1
F2_R3_P47,F2_R3,15,1
F2_R3_P47,F2_R3,16,0
F2_R3_P47,F2_R3,17,1
F2_R3_P47,F2_R3,18,1
F2_R3_P47,F2_R3,19,1
F2_R3_P47,F2_R3,20,1
F2_R3_P48,F2_R3,1,1
F2_R3_P48,F2_R3,2,1
F2_R3_P48,F2_R3,3,1
F2_R3_P48,F2_R3,4,0
F2_R3_P48,F2_R3,5,1
F2_R3_P48,F2_R3,6,1
F2_R3_P48,F2_R3,7,1
F2_R3_P48,F2_R3,8,1
F2_R3_P48,F2_R3,9,1
F2_R3_P48,F2_R3,10,0
F2_R3_P48,F2_R3,11,1
F2_R3_P48,F2_R3,12,1
F2_R3_P48,F2_R3,13,0
F2_R3_P48,F2_R3,14,1
F2_R3_P48,F2_R3,15,1
F2_R3_P48,F2_R3,16,1
F2_R3_P48,F2_R3,17,0
F2_R3_P48,F2_R3,18,1
F2_R3_P48,F2_R3,19,1
F2_R3_P48,F2_R3,20,1
F2_R3_P49,F2_R3,1,0
F2_R3_P49,F2_R3,2,1
F2_R3_P49,F2_R3,3,1
F2_R3_P49,F2_R3,4,0
F2_R3_P49,F2_R3,5,0
F2_R3_P49,F2_R3,6,0
F2_R3_P49,F2_R3,7,0
F2_R3_P49,F2_R3,8,0
F2_R3_P49,F2_R3,9,0
F2_R3_P49,F2_R3,10,1
F2_R3_P49,F2_R3,11,0
F2_R3_P49,F2_R3,12,1
F2_R3_P49,F2_R3,13,1
F2_R3_P49,F2_R3,14,1
F2_R3_P49,F2_R3,15,1
F2_R3_P49,F2_R3,16,0
F2_R3_P49,F2_R3,17,1
F2_R3_P49,F2_R3,18,0
F2_R3_P49,F2_R3,19,1
F2_R3_P49,F2_R3,20,1
F2_R3_P50,F2_R3,1,1
F2_R3_P50,F2_R3,2,0
F2_R3_P50,F2_R3,3,1
F2_R3_P50,F2_R3,4,1
F2_R3_P50,F2_R3,5,1
F2_R3_P50,F2_R3,6,1
F2_R3_P50,F2_R3,7,0
F2_R3_P50,F2_R3,8,1
F2_R3_P50,F2_R3,9,1
F2_R3_P50,F2_R3,10,0
F2_R3_P50,F2_R3,11,0
F2_R3_P50,F2_R3,12,0
F2_R3_P50,F2_R3,13,0
F2_R3_P50,F2_R3,14,1
F2_R3_P50,F2_R3,15,0
F2_R3_P50,F2_R3,16,1
F2_R3_P50,F2_R3,17,1
F2_R3_P50,F2_R3,18,1
F2_R3_P50,F2_R3,19,1
F2_R3_P50,F2_R3,20,0
R3_F0_P01,R3_F0,1,1
R3_F0_P01,R3_F0,2,1
R3_F0_P01,R3_F0,3,1
R3_F0_P01,R3_F0,4,1
R3_F0_P01,R3_F0,5,0
R3_F0_P01,R3_F0,6,0
R3_F0_P01,R3_F0,7,0
R3_F0_P01,R3_F0,8,0
R3_F0_P01,R3_F0,9,0
R3_F0_P01,R3_F0,10,0
R3_F0_P01,R3_F0,11,1
R3_F0_P01,R3_F0,12,0
R3_F0_P01,R3_F0,13,1
R3_F0_P01,R3_F0,14,0
R3_F0_P01,R3_F0,15,1
R3_F0_P01,R3_F0,16,1
R3_F0_P01,R3_F0,17,0
R3_F0_P01,R3_F0,18,0
R3_F0_P01,R3_F0,19,0
R3_F0_P01,R3_F0,20,0
R3_F0_P02,R3_F0,1,1
R3_F0_P02,R3_F0,2,1
R3_F0_P02,R3_F0,3,1
R3_F0_P02,R3_F0,4,0
R3_F0_P02,R3_F0,5,0
R3_F0_P02,R3_F0,6,1
R3_F0_P02,R3_F0,7,0
R3_F0_P02,R3_F0,8,1
R3_F0_P02,R3_F0,9,0
R3_F0_P02,R3_F0,10,0
R3_F0_P02,R3_F0,11,0
R3_F0_P02,R3_F0,12,1
R3_F0_P02,R3_F0,13,1
R3_F0_P02,R3_F0,14,1
R3_F0_P02,R3_F0,15,1
R3_F0_P02,R3_F0,16,0
R3_F0_P02,R3_F0,17,0
R3_F0_P02,R3_F0,18,1
R3_F0_P02,R3_F0,19,1
R3_F0_P02,R3_F0,20,1
R3_F0_P03,R3_F0,1,1
R3_F0_P03,R3_F0,2,1
R3_F0_P03,R3_F0,3,1
R3_F0_P03,R3_F0,4,0
R3_F0_P03,R3_F0,5,0
R3_F0_P03,R3_F0,6,1
R3_F0_P03,R3_F0,7,0
R3_F0_P03,R3_F0,8,1
R3_F0_P03,R3_F0,9,1
R3_F0_P03,R3_F0,10,0
R3_F0_P03,R3_F0,11,0
R3_F0_P03,R3_F0,12,1
R3_F0_P03,R3_F0,13,0
R3_F0_P03,R3_F0,14,1
R3_F0_P03,R3_F0,15,1
R3_F0_P03,R3_F0,16,1
R3_F0_P03,R3_F0,17,1
R3_F0_P03,R3_F0,18,0
R3_F0_P03,R3_F0,19,1
R3_F0_P03,R3_F0,20,1
R3_F0_P04,R3_F0,1,0
R3_F0_P04,R3_F0,2,0
R3_F0_P04,R3_F0,3,1
R3_F0_P04,R3_F0,4,0
R3_F0_P04,R3_F0,5,0
R3_F0_P04,R3_F0,6,0
R3_F0_P04,R3_F0,7,1
R3_F0_P04,R3_F0,8,0
R3_F0_P04,R3_F0,9,0
R3_F0_P04,R3_F0,10,0
R3_F0_P04,R3_F0,11,0
R3_F0_P04,R3_F0,12,0
R3_F0_P04,R3_F0,13,0
R3_F0_P04,R3_F0,14,0
R3_F0_P04,R3_F0,15,0
R3_F0_P04,R3_F0,16,0
R3_F0_P04,R3_F0,17,1
R3_F0_P04,R3_F0,18,0
R3_F0_P04,R3_F0,19,1
R3_F0_P04,R3_F0,20,1
R3_F0_P05,R3_F0,1,1
R3_F0_P05,R3_F0,2,0
R3_F0_P05,R3_F0,3,0
R3_F0_P05,R3_F0,4,0
R3_F0_P05,R3_F0,5,0
R3_F0_P05,R3_F0,6,0
R3_F0_P05,R3_F0,7,1
R3_F0_P05,R3_F0,8,0
R3_F0_P05,R3_F0,9,0
R3_F0_P05,R3_F0,10,0
R3_F0_P05,R3_F0,11,0
R3_F0_P05,R3_F0,12,1
R3_F0_P05,R3_F0,13,1
R3_F0_P05,R3_F0,14,1
R3_F0_P05,R3_F0,15,1
R3_F0_P05,R3_F0,16,0
R3_F0_P05,R3_F0,17,0
R3_F0_P05,R3_F0,18,0
R3_F0_P05,R3_F0,19,1
R3_F0_P05,R3_F0,20,1
R3_F0_P06,R3_F0,1,1
R3_F0_P06,R3_F0,2,1
R3_F0_P06,R3_F0,3,1
R3_F0_P06,R3_F0,4,0
R3_F0_P06,R3_F0,5,0
R3_F0_P06,R3_F0,6,1
R3_F0_P06,R3_F0,7,1
R3_F0_P06,R3_F0,8,1
R3_F0_P06,R3_F0,9,0
R3_F0_P06,R3_F0,10,0
R3_F0_P06,R3_F0,11,0
R3_F0_P06,R3_F0,12,1
R3_F0_P06,R3_F0,13,0
R3_F0_P06,R3_F0,14,1
R3_F0_P06,R3_F0,15,0
R3_F0_P06,R3_F0,16,0
R3_F0_P06,R3_F0,17,0
R3_F0_P06,R3_F0,18,0
R3_F0_P06,R3_F0,19,1
R3_F0_P06,R3_F0,20,0
R3_F0_P07,R3_F0,1,0
R3_F0_P07,R3_F0,2,1
R3_F0_P07,R3_F0,3,0
R3_F0_P07,R3_F0,4,0
R3_F0_P07,R3_F0,5,0
R3_F0_P07,R3_F0,6,1
R3_F0_P07,R3_F0,7,1
R3_F0_P07,R3_F0,8,0
R3_F0_P07,R3_F0,9,0
R3_F0_P07,R3_F0,10,0
R3_F0_P07,R3_F0,11,1
R3_F0_P07,R3_F0,12,0
R3_F0_P07,R3_F0,13,1
R3_F0_P07,R3_F0,14,0
R3_F0_P07,R3_F0,15,1
R3_F0_P07,R3_F0,16,0
R3_F0_P07,R3_F0,17,0
R3_F0_P07,R3_F0,18,1
R3_F0_P07,R3_F0,19,0
R3_F0_P07,R3_F0,20,1
R3_F0_P08,R3_F0,1,0
R3_F0_P08,R3_F0,2,0
R3_F0_P08,R3_F0,3,1
R3_F0_P08,R3_F0,4,0
R3_F0_P08,R3_F0,5,0
R3_F0_P08,R3_F0,6,0
R3_F0_P08,R3_F0,7,1
R3_F0_P08,R3_F0,8,0
R3_F0_P08,R3_F0,9,0
R3_F0_P08,R3_F0,10,0
R3_F0_P08,R3_F0,11,0
R3_F0_P08,R3_F0,12,0
R3_F0_P08,R3_F0,13,0
R3_F0_P08,R3_F0,14,1
R3_F0_P08,R3_F0,15,0
R3_F0_P08,R3_F0,16,1
R3_F0_P08,R3_F0,17,0
R3_F0_P08,R3_F0,18,0
R3_F0_P08,R3_F0,19,1
R3_F0_P08,R3_F0,20,0
R3_F0_P09,R3_F0,1,0
R3_F0_P09,R3_F0,2,0
R3_F0_P09,R3_F0,3,0
R3_F0_P09,R3_F0,4,0
R3_F0_P09,R3_F0,5,0
R3_F0_P09,R3_F0,6,0
R3_F0_P09,R3_F0,7,1
R3_F0_P09,R3_F0,8,1
R3_F0_P09,R3_F0,9,0
R3_F0_P09,R3_F0,10,1
R3_F0_P09,R3_F0,11,0
R3_F0_P09,R3_F0,12,0
R3_F0_P09,R3_F0,13,0
R3_F0_P09,R3_F0,14,0
R3_F0_P09,R3_F0,15,0
R3_F0_P09,R3_F0,16,0
R3_F0_P09,R3_F0,17,0
R3_F0_P09,R3_F0,18,0
R3_F0_P09,R3_F0,19,1
R3_F0_P09,R3_F0,20,0
R3_F0_P10,R3_F0,1,1
R3_F0_P10,R3_F0,2,1
R3_F0_P10,R3_F0,3,1
R3_F0_P10,R3_F0,4,1
R3_F0_P10,R3_F0,5,0
R3_F0_P10,R3_F0,6,0
R3_F0_P10,R3_F0,7,0
R3_F0_P10,R3_F0,8,1
R3_F0_P10,R3_F0,9,0
R3_F0_P10,R3_F0,10,0
R3_F0_P10,R3_F0,11,1
R3_F0_P10,R3_F0,12,1
R3_F0_P10,R3_F0,13,0
R3_F0_P10,R3_F0,14,1
R3_F0_P10,R3_F0,15,1
R3_F0_P10,R3_F0,16,1
R3_F0_P10,R3_F0,17,1
R3_F0_P10,R3_F0,18,0
R3_F0_P10,R3_F0,19,1
R3_F0_P10,R3_F0,20,1
R3_F0_P11,R3_F0,1,0
R3_F0_P11,R3_F0,2,0
R3_F0_P11,R3_F0,3,0
R3_F0_P11,R3_F0,4,0
R3_F0_P11,R3_F0,5,0
R3_F0_P11,R3_F0,6,0
R3_F0_P11,R3_F0,7,1
R3_F0_P11,R3_F0,8,1
R3_F0_P11,R3_F0,9,1
R3_F0_P11,R3_F0,10,0
R3_F0_P11,R3_F0,11,1
R3_F0_P11,R3_F0,12,0
R3_F0_P11,R3_F0,13,1
R3_F0_P11,R3_F0,14,1
R3_F0_P11,R3_F0,15,1
R3_F0_P11,R3_F0,16,1
R3_F0_P11,R3_F0,17,1
R3_F0_P11,R3_F0,18,1
R3_F0_P11,R3_F0,19,1
R3_F0_P11,R3_F0,20,1
R3_F0_P12,R3_F0,1,1
R3_F0_P12,R3_F0,2,1
R3_F0_P12,R3_F0,3,0
R3_F0_P12,R3_F0,4,0
R3_F0_P12,R3_F0,5,0
R3_F0_P12,R3_F0,6,1
R3_F0_P12,R3_F0,7,1
R3_F0_P12,R3_F0,8,1
R3_F0_P12,R3_F0,9,1
R3_F0_P12,R3_F0,10,1
R3_F0_P12,R3_F0,11,0
R3_F0_P12,R3_F0,12,1
R3_F0_P12,R3_F0,13,0
R3_F0_P12,R3_F0,14,1
R3_F0_P12,R3_F0,15,1
R3_F0_P12,R3_F0,16,1
R3_F0_P12,R3_F0,17,0
R3_F0_P12,R3_F0,18,0
R3_F0_P12,R3_F0,19,1
R3_F0_P12,R3_F0,20,1
R3_F0_P13,R3_F0,1,1
R3_F0_P13,R3_F0,2,1
R3_F0_P13,R3_F0,3,1
R3_F0_P13,R3_F0,4,0
R3_F0_P13,R3_F0,5,1
R3_F0_P13,R3_F0,6,1
R3_F0_P13,R3_F0,7,1
R3_F0_P13,R3_F0,8,1
R3_F0_P13,R3_F0,9,0
R3_F0_P13,R3_F0,10,0
R3_F0_P13,R3_F0,11,0
R3_F0_P13,R3_F0,12,0
R3_F0_P13,R3_F0,13,0
R3_F0_P13,R3_F0,14,1
R3_F0_P13,R3_F0,15,1
R3_F0_P13,R3_F0,16,0
R3_F0_P13,R3_F0,17,0
R3_F0_P13,R3_F0,18,0
R3_F0_P13,R3_F0,19,1
R3_F0_P13,R3_F0,20,0
R3_F0_P14,R3_F0,1,1
R3_F0_P14,R3_F0,2,1
R3_F0_P14,R3_F0,3,1
R3_F0_P14,R3_F0,4,0
R3_F0_P14,R3_F0,5,0
R3_F0_P14,R3_F0,6,1
R3_F0_P14,R3_F0,7,1
R3_F0_P14,R3_F0,8,0
R3_F0_P14,R3_F0,9,0
R3_F0_P14,R3_F0,10,0
R3_F0_P14,R3_F0,11,0
R3_F0_P14,R3_F0,12,1
R3_F0_P14,R3_F0,13,0
R3_F0_P14,R3_F0,14,0
R3_F0_P14,R3_F0,15,1
R3_F0_P14,R3_F0,16,0
R3_F0_P14,R3_F0,17,1
R3_F0_P14,R3_F0,18,0
R3_F0_P14,R3_F0,19,1
R3_F0_P14,R3_F0,20,0
R3_F0_P15,R3_F0,1,0
R3_F0_P15,R3_F0,2,0
R3_F0_P15,R3_F0,3,0
R3_F0_P15,R3_F0,4,1
R3_F0_P15,R3_F0,5,0
R3_F0_P15,R3_F0,6,0
R3_F0_P15,R3_F0,7,1
R3_F0_P15,R3_F0,8,0
R3_F0_P15,R3_F0,9,0
R3_F0_P15,R3_F0,10,0
R3_F0_P15,R3_F0,11,0
R3_F0_P15,R3_F0,12,0
R3_F0_P15,R3_F0,13,0
R3_F0_P15,R3_F0,14,1
R3_F0_P15,R3_F0,15,0
R3_F0_P15,R3_F0,16,0
R3_F0_P15,R3_F0,17,0
R3_F0_P15,R3_F0,18,0
R3_F0_P15,R3_F0,19,1
R3_F0_P15,R3_F0,20,0
R3_F0_P16,R3_F0,1,1
R3_F0_P16,R3_F0,2,1
R3_F0_P16,R3_F0,3,1
R3_F0_P16,R3_F0,4,0
R3_F0_P16,R3_F0,5,1
R3_F0_P16,R3_F0,6,0
R3_F0_P16,R3_F0,7,1
R3_F0_P16,R3_F0,8,1
R3_F0_P16,R3_F0,9,1
R3_F0_P16,R3_F0,10,0
R3_F0_P16,R3_F0,11,0
R3_F0_P16,R3_F0,12,0
R3_F0_P16,R3_F0,13,0
R3_F0_P16,R3_F0,14,1
R3_F0_P16,R3_F0,15,0
R3_F0_P16,R3_F0,16,0
R3_F0_P16,R3_F0,17,1
R3_F0_P16,R3_F0,18,0
R3_F0_P16,R3_F0,19,1
R3_F0_P16,R3_F0,20,0
R3_F0_P17,R3_F0,1,0
R3_F0_P17,R3_F0,2,1
R3_F0_P17,R3_F0,3,1
R3_F0_P17,R3_F0,4,0
R3_F0_P17,R3_F0,5,1
R3_F0_P17,R3_F0,6,0
R3_F0_P17,R3_F0,7,0
R3_F0_P17,R3_F0,8,1
R3_F0_P17,R3_F0,9,1
R3_F0_P17,R3_F0,10,0
R3_F0_P17,R3_F0,11,0
R3_F0_P17,R3_F0,12,1
R3_F0_P17,R3_F0,13,0
R3_F0_P17,R3_F0,14,1
R3_F0_P17,R3_F0,15,0
R3_F0_P17,R3_F0,16,0
R3_F0_P17,R3_F0,17,1
R3_F0_P17,R3_F0,18,1
R3_F0_P17,R3_F0,19,1
R3_F0_P17,R3_F0,20,0
R3_F0_P18,R3_F0,1,0
R3_F0_P18,R3_F0,2,1
R3_F0_P18,R3_F0,3,1
R3_F0_P18,R3_F0,4,0
R3_F0_P18,R3_F0,5,0
R3_F0_P18,R3_F0,6,1
R3_F0_P18,R3_F0,7,1
R3_F0_P18,R3_F0,8,1
R3_F0_P18,R3_F0,9,1
R3_F0_P18,R3_F0,10,0
R3_F0_P18,R3_F0,11,1
R3_F0_P18,R3_F0,12,1
R3_F0_P18,R3_F0,13,0
R3_F0_P18,R3_F0,14,1
R3_F0_P18,R3_F0,15,1
R3_F0_P18,R3_F0,16,1
R3_F0_P18,R3_F0,17,1
R3_F0_P18,R3_F0,18,0
R3_F0_P18,R3_F0,19,1
R3_F0_P18,R3_F0,20,1
R3_F0_P19,R3_F0,1,0
R3_F0_P19,R3_F0,2,0
R3_F0_P19,R3_F0,3,0
R3_F0_P19,R3_F0,4,0
R3_F0_P19,R3_F0,5,0
R3_F0_P19,R3_F0,6,0
R3_F0_P19,R3_F0,7,1
R3_F0_P19,R3_F0,8,0
R3_F0_P19,R3_F0,9,0
R3_F0_P19,R3_F0,10,0
R3_F0_P19,R3_F0,11,0
R3_F0_P19,R3_F0,12,1
R3_F0_P19,R3_F0,13,0
R3_F0_P19,R3_F0,14,0
R3_F0_P19,R3_F0,15,0
R3_F0_P19,R3_F0,16,1
R3_F0_P19,R3_F0,17,0
R3_F0_P19,R3_F0,18,0
R3_F0_P19,R3_F0,19,1
R3_F0_P19,R3_F0,20,1
R3_F0_P20,R3_F0,1,0
R3_F0_P20,R3_F0,2,0
R3_F0_P20,R3_F0,3,0
R3_F0_P20,R3_F0,4,0
R3_F0_P20,R3_F0,5,0
R3_F0_P20,R3_F0,6,0
R3_F0_P20,R3_F0,7,0
R3_F0_P20,R3_F0,8,0
R3_F0_P20,R3_F0,9,0
R3_F0_P20,R3_F0,10,0
R3_F0_P20,R3_F0,11,0
R3_F0_P20,R3_F0,12,1
R3_F0_P20,R3_F0,13,0
R3_F0_P20,R3_F0,14,0
R3_F0_P20,R3_F0,15,0
R3_F0_P20,R3_F0,16,1
R3_F0_P20,R3_F0,17,0
R3_F0_P20,R3_F0,18,1
R3_F0_P20,R3_F0,19,1
R3_F0_P20,R3_F0,20,0
R3_F0_P21,R3_F0,1,0
R3_F0_P21,R3_F0,2,0
R3_F0_P21,R3_F0,3,1
R3_F0_P21,R3_F0,4,0
R3_F0_P21,R3_F0,5,0
R3_F0_P21,R3_F0,6,0
R3_F0_P21,R3_F0,7,0
R3_F0_P21,R3_F0,8,0
R3_F0_P21,R3_F0,9,0
R3_F0_P21,R3_F0,10,0
R3_F0_P21,R3_F0,11,0
R3_F0_P21,R3_F0,12,0
R3_F0_P21,R3_F0,13,0
R3_F0_P21,R3_F0,14,1
R3_F0_P21,R3_F0,15,0
R3_F0_P21,R3_F0,16,0
R3_F0_P21,R3_F0,17,0
R3_F0_P21,R3_F0,18,0
R3_F0_P21,R3_F0,19,1
R3_F0_P21,R3_F0,20,0
R3_F0_P22,R3_F0,1,1
R3_F0_P22,R3_F0,2,1
R3_F0_P22,R3_F0,3,1
R3_F0_P22,R3_F0,4,0
R3_F0_P22,R3_F0,5,1
R3_F0_P22,R3_F0,6,1
R3_F0_P22,R3_F0,7,1
R3_F0_P22,R3_F0,8,1
R3_F0_P22,R3_F0,9,1
R3_F0_P22,R3_F0,10,1
R3_F0_P22,R3_F0,11,1
R3_F0_P22,R3_F0,12,1
R3_F0_P22,R3_F0,13,0
R3_F0_P22,R3_F0,14,0
R3_F0_P22,R3_F0,15,1
R3_F0_P22,R3_F0,16,0
R3_F0_P22,R3_F0,17,0
R3_F0_P22,R3_F0,18,0
R3_F0_P22,R3_F0,19,1
R3_F0_P22,R3_F0,20,0
R3_F0_P23,R3_F0,1,0
R3_F0_P23,R3_F0,2,0
R3_F0_P23,R3_F0,3,1
R3_F0_P23,R3_F0,4,0
R3_F0_P23,R3_F0,5,0
R3_F0_P23,R3_F0,6,1
R3_F0_P23,R3_F0,7,0
R3_F0_P23,R3_F0,8,1
R3_F0_P23,R3_F0,9,0
R3_F0_P23,R3_F0,10,1
R3_F0_P23,R3_F0,11,0
R3_F0_P23,R3_F0,12,1
R3_F0_P23,R3_F0,13,0
R3_F0_P23,R3_F0,14,0
R3_F0_P23,R3_F0,15,0
R3_F0_P23,R3_F0,16,0
R3_F0_P23,R3_F0,17,0
R3_F0_P23,R3_F0,18,0
R3_F0_P23,R3_F0,19,1
R3_F0_P23,R3_F0,20,1
R3_F0_P24,R3_F0,1,1
R3_F0_P24,R3_F0,2,0
R3_F0_P24,R3_F0,3,1
R3_F0_P24,R3_F0,4,0
R3_F0_P24,R3_F0,5,0
R3_F0_P24,R3_F0,6,0
R3_F0_P24,R3_F0,7,0
R3_F0_P24,R3_F0,8,0
R3_F0_P24,R3_F0,9,0
R3_F0_P24,R3_F0,10,0
R3_F0_P24,R3_F0,11,0
R3_F0_P24,R3_F0,12,1
R3_F0_P24,R3_F0,13,0
R3_F0_P24,R3_F0,14,1
R3_F0_P24,R3_F0,15,0
R3_F0_P24,R3_F0,16,1
R3_F0_P24,R3_F0,17,1
R3_F0_P24,R3_F0,18,0
R3_F0_P24,R3_F0,19,1
R3_F0_P24,R3_F0,20,0
R3_F0_P25,R3_F0,1,0
R3_F0_P25,R3_F0,2,0
R3_F0_P25,R3_F0,3,1
R3_F0_P25,R3_F0,4,0
R3_F0_P25,R3_F0,5,0
R3_F0_P25,R3_F0,6,0
R3_F0_P25,R3_F0,7,1
R3_F0_P25,R3_F0,8,0
R3_F0_P25,R3_F0,9,1
R3_F0_P25,R3_F0,10,0
R3_F0_P25,R3_F0,11,1
R3_F0_P25,R3_F0,12,0
R3_F0_P25,R3_F0,13,0
R3_F0_P25,R3_F0,14,0
R3_F0_P25,R3_F0,15,1
R3_F0_P25,R3_F0,16,0
R3_F0_P25,R3_F0,17,0
R3_F0_P25,R3_F0,18,0
R3_F0_P25,R3_F0,19,1
R3_F0_P25,R3_F0,20,1
R3_F0_P26,R3_F0,1,0
R3_F0_P26,R3_F0,2,1
R3_F0_P26,R3_F0,3,1
R3_F0_P26,R3_F0,4,0
R3_F0_P26,R3_F0,5,0
R3_F0_P26,R3_F0,6,1
R3_F0_P26,R3_F0,7,0
R3_F0_P26,R3_F0,8,1
R3_F0_P26,R3_F0,9,0
R3_F0_P26,R3_F0,10,0
R3_F0_P26,R3_F0,11,0
R3_F0_P26,R3_F0,12,0
R3_F0_P26,R3_F0,13,0
R3_F0_P26,R3_F0,14,0
R3_F0_P26,R3_F0,15,0
R3_F0_P26,R3_F0,16,1
R3_F0_P26,R3_F0,17,1
R3_F0_P26,R3_F0,18,0
R3_F0_P26,R3_F0,19,0
R3_F0_P26,R3_F0,20,0
R3_F0_P27,R3_F0,1,1
R3_F0_P27,R3_F0,2,1
R3_F0_P27,R3_F0,3,1
R3_F0_P27,R3_F0,4,0
R3_F0_P27,R3_F0,5,1
R3_F0_P27,R3_F0,6,0
R3_F0_P27,R3_F0,7,1
R3_F0_P27,R3_F0,8,1
R3_F0_P27,R3_F0,9,0
R3_F0_P27,R3_F0,10,1
R3_F0_P27,R3_F0,11,0
R3_F0_P27,R3_F0,12,1
R3_F0_P27,R3_F0,13,0
R3_F0_P27,R3_F0,14,1
R3_F0_P27,R3_F0,15,0
R3_F0_P27,R3_F0,16,1
R3_F0_P27,R3_F0,17,1
R3_F0_P27,R3_F0,18,0
R3_F0_P27,R3_F0,19,1
R3_F0_P27,R3_F0,20,0
R3_F0_P28,R3_F0,1,0
R3_F0_P28,R3_F0,2,0
R3_F0_P28,R3_F0,3,0
R3_F0_P28,R3_F0,4,0
R3_F0_P28,R3_F0,5,1
R3_F0_P28,R3_F0,6,0
R3_F0_P28,R3_F0,7,1
R3_F0_P28,R3_F0,8,1
R3_F0_P28,R3_F0,9,0
R3_F0_P28,R3_F0,10,0
R3_F0_P28,R3_F0,11,0
R3_F0_P28,R3_F0,12,0
R3_F0_P28,R3_F0,13,0
R3_F0_P28,R3_F0,14,1
R3_F0_P28,R3_F0,15,1
R3_F0_P28,R3_F0,16,0
R3_F0_P28,R3_F0,17,0
R3_F0_P28,R3_F0,18,0
R3_F0_P28,R3_F0,19,0
R3_F0_P28,R3_F0,20,1
R3_F0_P29,R3_F0,1,0
R3_F0_P29,R3_F0,2,1
R3_F0_P29,R3_F0,3,1
R3_F0_P29,R3_F0,4,0
R3_F0_P29,R3_F0,5,0
R3_F0_P29,R3_F0,6,0
R3_F0_P29,R3_F0,7,0
R3_F0_P29,R3_F0,8,0
R3_F0_P29,R3_F0,9,0
R3_F0_P29,R3_F0,10,0
R3_F0_P29,R3_F0,11,0
R3_F0_P29,R3_F0,12,1
R3_F0_P29,R3_F0,13,0
R3_F0_P29,R3_F0,14,0
R3_F0_P29,R3_F0,15,0
R3_F0_P29,R3_F0,16,0
R3_F0_P29,R3_F0,17,0
R3_F0_P29,R3_F0,18,0
R3_F0_P29,R3_F0,19,1
R3_F0_P29,R3_F0,20,0
R3_F0_P30,R3_F0,1,1
R3_F0_P30,R3_F0,2,1
R3_F0_P30,R3_F0,3,1
R3_F0_P30,R3_F0,4,0
R3_F0_P30,R3_F0,5,1
R3_F0_P30,R3_F0,6,0
R3_F0_P30,R3_F0,7,1
R3_F0_P30,R3_F0,8,1
R3_F0_P30,R3_F0,9,0
R3_F0_P30,R3_F0,10,1
R3_F0_P30,R3_F0,11,0
R3_F0_P30,R3_F0,12,1
R3_F0_P30,R3_F0,13,0
R3_F0_P30,R3_F0,14,1
R3_F0_P30,R3_F0,15,0
R3_F0_P30,R3_F0,16,0
R3_F0_P30,R3_F0,17,0
R3_F0_P30,R3_F0,18,0
R3_F0_P30,R3_F0,19,1
R3_F0_P30,R3_F0,20,0
R3_F0_P31,R3_F0,1,0
R3_F0_P31,R3_F0,2,0
R3_F0_P31,R3_F0,3,1
R3_F0_P31,R3_F0,4,0
R3_F0_P31,R3_F0,5,0
R3_F0_P31,R3_F0,6,1
R3_F0_P31,R3_F0,7,1
R3_F0_P31,R3_F0,8,1
R3_F0_P31,R3_F0,9,1
R3_F0_P31,R3_F0,10,0
R3_F0_P31,R3_F0,11,0
R3_F0_P31,R3_F0,12,0
R3_F0_P31,R3_F0,13,0
R3_F0_P31,R3_F0,14,1
R3_F0_P31,R3_F0,15,1
R3_F0_P31,R3_F0,16,1
R3_F0_P31,R3_F0,17,1
R3_F0_P31,R3_F0,18,0
R3_F0_P31,R3_F0,19,1
R3_F0_P31,R3_F0,20,1
R3_F0_P32,R3_F0,1,1
R3_F0_P32,R3_F0,2,0
R3_F0_P32,R3_F0,3,0
R3_F0_P32,R3_F0,4,1
R3_F0_P32,R3_F0,5,0
R3_F0_P32,R3_F0,6,1
R3_F0_P32,R3_F0,7,0
R3_F0_P32,R3_F0,8,1
R3_F0_P32,R3_F0,9,0
R3_F0_P32,R3_F0,10,1
R3_F0_P32,R3_F0,11,0
R3_F0_P32,R3_F0,12,1
R3_F0_P32,R3_F0,13,0
R3_F0_P32,R3_F0,14,1
R3_F0_P32,R3_F0,15,0
R3_F0_P32,R3_F0,16,0
R3_F0_P32,R3_F0,17,1
R3_F0_P32,R3_F0,18,0
R3_F0_P32,R3_F0,19,1
R3_F0_P32,R3_F0,20,1
R3_F0_P33,R3_F0,1,0
R3_F0_P33,R3_F0,2,0
R3_F0_P33,R3_F0,3,0
R3_F0_P33,R3_F0,4,0
R3_F0_P33,R3_F0,5,0
R3_F0_P33,R3_F0,6,0
R3_F0_P33,R3_F0,7,1
R3_F0_P33,R3_F0,8,1
R3_F0_P33,R3_F0,9,0
R3_F0_P33,R3_F0,10,1
R3_F0_P33,R3_F0,11,0
R3_F0_P33,R3_F0,12,0
R3_F0_P33,R3_F0,13,0
R3_F0_P33,R3_F0,14,1
R3_F0_P33,R3_F0,15,0
R3_F0_P33,R3_F0,16,0
R3_F0_P33,R3_F0,17,1
R3_F0_P33,R3_F0,18,0
R3_F0_P33,R3_F0,19,1
R3_F0_P33,R3_F0,20,1
R3_F0_P34,R3_F0,1,0
R3_F0_P34,R3_F0,2,1
R3_F0_P34,R3_F0,3,1
R3_F0_P34,R3_F0,4,0
R3_F0_P34,R3_F0,5,0
R3_F0_P34,R3_F0,6,0
R3_F0_P34,R3_F0,7,1
R3_F0_P34,R3_F0,8,1
R3_F0_P34,R3_F0,9,1
R3_F0_P34,R3_F0,10,1
R3_F0_P34,R3_F0,11,0
R3_F0_P34,R3_F0,12,1
R3_F0_P34,R3_F0,13,0
R3_F0_P34,R3_F0,14,0
R3_F0_P34,R3_F0,15,1
R3_F0_P34,R3_F0,16,0
R3_F0_P34,R3_F0,17,0
R3_F0_P34,R3_F0,18,0
R3_F0_P34,R3_F0,19,1
R3_F0_P34,R3_F0,20,0
R3_F0_P35,R3_F0,1,1
R3_F0_P35,R3_F0,2,1
R3_F0_P35,R3_F0,3,1
R3_F0_P35,R3_F0,4,0
R3_F0_P35,R3_F0,5,1
R3_F0_P35,R3_F0,6,1
R3_F0_P35,R3_F0,7,1
R3_F0_P35,R3_F0,8,1
R3_F0_P35,R3_F0,9,1
R3_F0_P35,R3_F0,10,0
R3_F0_P35,R3_F0,11,0
R3_F0_P35,R3_F0,12,1
R3_F0_P35,R3_F0,13,0
R3_F0_P35,R3_F0,14,1
R3_F0_P35,R3_F0,15,0
R3_F0_P35,R3_F0,16,1
R3_F0_P35,R3_F0,17,1
R3_F0_P35,R3_F0,18,0
R3_F0_P35,R3_F0,19,1
R3_F0_P35,R3_F0,20,1
R3_F0_P36,R3_F0,1,0
R3_F0_P36,R3_F0,2,1
R3_F0_P36,R3_F0,3,1
R3_F0_P36,R3_F0,4,0
R3_F0_P36,R3_F0,5,0
R3_F0_P36,R3_F0,6,0
R3_F0_P36,R3_F0,7,0
R3_F0_P36,R3_F0,8,1
R3_F0_P36,R3_F0,9,0
R3_F0_P36,R3_F0,10,0
R3_F0_P36,R3_F0,11,0
R3_F0_P36,R3_F0,12,0
R3_F0_P36,R3_F0,13,1
R3_F0_P36,R3_F0,14,1
R3_F0_P36,R3_F0,15,1
R3_F0_P36,R3_F0,16,1
R3_F0_P36,R3_F0,17,1
R3_F0_P36,R3_F0,18,0
R3_F0_P36,R3_F0,19,1
R3_F0_P36,R3_F0,20,1
R3_F0_P37,R3_F0,1,1
R3_F0_P37,R3_F0,2,1
R3_F0_P37,R3_F0,3,1
R3_F0_P37,R3_F0,4,0
R3_F0_P37,R3_F0,5,0
R3_F0_P37,R3_F0,6,0
R3_F0_P37,R3_F0,7,0
R3_F0_P37,R3_F0,8,0
R3_F0_P37,R3_F0,9,0
R3_F0_P37,R3_F0,10,0
R3_F0_P37,R3_F0,11,0
R3_F0_P37,R3_F0,12,0
R3_F0_P37,R3_F0,13,1
R3_F0_P37,R3_F0,14,0
R3_F0_P37,R3_F0,15,1
R3_F0_P37,R3_F0,16,0
R3_F0_P37,R3_F0,17,0
R3_F0_P37,R3_F0,18,0
R3_F0_P37,R3_F0,19,1
R3_F0_P37,R3_F0,20,0
R3_F0_P38,R3_F0,1,1
R3_F0_P38,R3_F0,2,1
R3_F0_P38,R3_F0,3,1
R3_F0_P38,R3_F0,4,0
R3_F0_P38,R3_F0,5,0
R3_F0_P38,R3_F0,6,0
R3_F0_P38,R3_F0,7,1
R3_F0_P38,R3_F0,8,0
R3_F0_P38,R3_F0,9,1
R3_F0_P38,R3_F0,10,0
R3_F0_P38,R3_F0,11,0
R3_F0_P38,R3_F0,12,1
R3_F0_P38,R3_F0,13,0
R3_F0_P38,R3_F0,14,1
R3_F0_P38,R3_F0,15,0
R3_F0_P38,R3_F0,16,0
R3_F0_P38,R3_F0,17,0
R3_F0_P38,R3_F0,18,0
R3_F0_P38,R3_F0,19,1
R3_F0_P38,R3_F0,20,0
R3_F0_P39,R3_F0,1,0
R3_F0_P39,R3_F0,2,0
R3_F0_P39,R3_F0,3,1
R3_F0_P39,R3_F0,4,0
R3_F0_P39,R3_F0,5,0
R3_F0_P39,R3_F0,6,0
R3_F0_P39,R3_F0,7,1
R3_F0_P39,R3_F0,8,1
R3_F0_P39,R3_F0,9,1
R3_F0_P39,R3_F0,10,0
R3_F0_P39,R3_F0,11,0
R3_F0_P39,R3_F0,12,0
R3_F0_P39,R3_F0,13,0
R3_F0_P39,R3_F0,14,1
R3_F0_P39,R3_F0,15,1
R3_F0_P39,R3_F0,16,0
R3_F0_P39,R3_F0,17,0
R3_F0_P39,R3_F0,18,0
R3_F0_P39,R3_F0,19,1
R3_F0_P39,R3_F0,20,0
R3_F0_P40,R3_F0,1,0
R3_F0_P40,R3_F0,2,1
R3_F0_P40,R3_F0,3,0
R3_F0_P40,R3_F0,4,0
R3_F0_P40,R3_F0,5,0
R3_F0_P40,R3_F0,6,0
R3_F0_P40,R3_F0,7,0
R3_F0_P40,R3_F0,8,1
R3_F0_P40,R3_F0,9,0
R3_F0_P40,R3_F0,10,0
R3_F0_P40,R3_F0,11,0
R3_F0_P40,R3_F0,12,1
R3_F0_P40,R3_F0,13,0
R3_F0_P40,R3_F0,14,1
R3_F0_P40,R3_F0,15,0
R3_F0_P40,R3_F0,16,0
R3_F0_P40,R3_F0,17,0
R3_F0_P40,R3_F0,18,0
R3_F0_P40,R3_F0,19,1
R3_F0_P40,R3_F0,20,1
R3_F0_P41,R3_F0,1,1
R3_F0_P41,R3_F0,2,1
R3_F0_P41,R3_F0,3,1
R3_F0_P41,R3_F0,4,0
R3_F0_P41,R3_F0,5,0
R3_F0_P41,R3_F0,6,1
R3_F0_P41,R3_F0,7,1
R3_F0_P41,R3_F0,8,1
R3_F0_P41,R3_F0,9,0
R3_F0_P41,R3_F0,10,0
R3_F0_P41,R3_F0,11,0
R3_F0_P41,R3_F0,12,0
R3_F0_P41,R3_F0,13,0
R3_F0_P41,R3_F0,14,1
R3_F0_P41,R3_F0,15,0
R3_F0_P41,R3_F0,16,0
R3_F0_P41,R3_F0,17,1
R3_F0_P41,R3_F0,18,0
R3_F0_P41,R3_F0,19,0
R3_F0_P41,R3_F0,20,0
R3_F0_P42,R3_F0,1,0
R3_F0_P42,R3_F0,2,1
R3_F0_P42,R3_F0,3,1
R3_F0_P42,R3_F0,4,0
R3_F0_P42,R3_F0,5,1
R3_F0_P42,R3_F0,6,0
R3_F0_P42,R3_F0,7,1
R3_F0_P42,R3_F0,8,1
R3_F0_P42,R3_F0,9,1
R3_F0_P42,R3_F0,10,0
R3_F0_P42,R3_F0,11,0
R3_F0_P42,R3_F0,12,1
R3_F0_P42,R3_F0,13,0
R3_F0_P42,R3_F0,14,1
R3_F0_P42,R3_F0,15,0
R3_F0_P42,R3_F0,16,1
R3_F0_P42,R3_F0,17,0
R3_F0_P42,R3_F0,18,0
R3_F0_P42,R3_F0,19,1
R3_F0_P42,R3_F0,20,1
R3_F0_P43,R3_F0,1,1
R3_F0_P43,R3_F0,2,1
R3_F0_P43,R3_F0,3,1
R3_F0_P43,R3_F0,4,0
R3_F0_P43,R3_F0,5,0
R3_F0_P43,R3_F0,6,0
R3_F0_P43,R3_F0,7,1
R3_F0_P43,R3_F0,8,1
R3_F0_P43,R3_F0,9,0
R3_F0_P43,R3_F0,10,0
R3_F0_P43,R3_F0,11,0
R3_F0_P43,R3_F0,12,0
R3_F0_P43,R3_F0,13,0
R3_F0_P43,R3_F0,14,0
R3_F0_P43,R3_F0,15,1
R3_F0_P43,R3_F0,16,0
R3_F0_P43,R3_F0,17,0
R3_F0_P43,R3_F0,18,0
R3_F0_P43,R3_F0,19,1
R3_F0_P43,R3_F0,20,1
R3_F0_P44,R3_F0,1,1
R3_F0_P44,R3_F0,2,0
R3_F0_P44,R3_F0,3,0
R3_F0_P44,R3_F0,4,1
R3_F0_P44,R3_F0,5,0
R3_F0_P44,R3_F0,6,0
R3_F0_P44,R3_F0,7,0
R3_F0_P44,R3_F0,8,0
R3_F0_P44,R3_F0,9,1
R3_F0_P44,R3_F0,10,1
R3_F0_P44,R3_F0,11,1
R3_F0_P44,R3_F0,12,0
R3_F0_P44,R3_F0,13,1
R3_F0_P44,R3_F0,14,0
R3_F0_P44,R3_F0,15,0
R3_F0_P44,R3_F0,16,0
R3_F0_P44,R3_F0,17,0
R3_F0_P44,R3_F0,18,1
R3_F0_P44,R3_F0,19,1
R3_F0_P44,R3_F0,20,1
R3_F0_P45,R3_F0,1,0
R3_F0_P45,R3_F0,2,0
R3_F0_P45,R3_F0,3,1
R3_F0_P45,R3_F0,4,0
R3_F0_P45,R3_F0,5,0
R3_F0_P45,R3_F0,6,0
R3_F0_P45,R3_F0,7,0
R3_F0_P45,R3_F0,8,1
R3_F0_P45,R3_F0,9,0
R3_F0_P45,R3_F0,10,0
R3_F0_P45,R3_F0,11,1
R3_F0_P45,R3_F0,12,1
R3_F0_P45,R3_F0,13,0
R3_F0_P45,R3_F0,14,1
R3_F0_P45,R3_F0,15,0
R3_F0_P45,R3_F0,16,0
R3_F0_P45,R3_F0,17,0
R3_F0_P45,R3_F0,18,0
R3_F0_P45,R3_F0,19,1
R3_F0_P45,R3_F0,20,1
R3_F0_P46,R3_F0,1,0
R3_F0_P46,R3_F0,2,1
R3_F0_P46,R3_F0,3,1
R3_F0_P46,R3_F0,4,0
R3_F0_P46,R3_F0,5,0
R3_F0_P46,R3_F0,6,1
R3_F0_P46,R3_F0,7,1
R3_F0_P46,R3_F0,8,1
R3_F0_P46,R3_F0,9,0
R3_F0_P46,R3_F0,10,1
R3_F0_P46,R3_F0,11,0
R3_F0_P46,R3_F0,12,1
R3_F0_P46,R3_F0,13,1
R3_F0_P46,R3_F0,14,1
R3_F0_P46,R3_F0,15,0
R3_F0_P46,R3_F0,16,0
R3_F0_P46,R3_F0,17,1
R3_F0_P46,R3_F0,18,0
R3_F0_P46,R3_F0,19,1
R3_F0_P46,R3_F0,20,0
R3_F0_P47,R3_F0,1,0
R3_F0_P47,R3_F0,2,1
R3_F0_P47,R3_F0,3,1
R3_F0_P47,R3_F0,4,0
R3_F0_P47,R3_F0,5,0
R3_F0_P47,R3_F0,6,0
R3_F0_P47,R3_F0,7,1
R3_F0_P47,R3_F0,8,1
R3_F0_P47,R3_F0,9,0
R3_F0_P47,R3_F0,10,0
R3_F0_P47,R3_F0,11,0
R3_F0_P47,R3_F0,12,1
R3_F0_P47,R3_F0,13,0
R3_F0_P47,R3_F0,14,1
R3_F0_P47,R3_F0,15,0
R3_F0_P47,R3_F0,16,0
R3_F0_P47,R3_F0,17,1
R3_F0_P47,R3_F0,18,0
R3_F0_P47,R3_F0,19,1
R3_F0_P47,R3_F0,20,1
R3_F0_P48,R3_F0,1,1
R3_F0_P48,R3_F0,2,1
R3_F0_P48,R3_F0,3,1
R3_F0_P48,R3_F0,4,0
R3_F0_P48,R3_F0,5,0
R3_F0_P48,R3_F0,6,1
R3_F0_P48,R3_F0,7,1
R3_F0_P48,R3_F0,8,1
R3_F0_P48,R3_F0,9,0
R3_F0_P48,R3_F0,10,0
R3_F0_P48,R3_F0,11,1
R3_F0_P48,R3_F0,12,1
R3_F0_P48,R3_F0,13,0
R3_F0_P48,R3_F0,14,1
R3_F0_P48,R3_F0,15,1
R3_F0_P48,R3_F0,16,0
R3_F0_P48,R3_F0,17,0
R3_F0_P48,R3_F0,18,1
R3_F0_P48,R3_F0,19,1
R3_F0_P48,R3_F0,20,0
R3_F0_P49,R3_F0,1,1
R3_F0_P49,R3_F0,2,1
R3_F0_P49,R3_F0,3,1
R3_F0_P49,R3_F0,4,0
R3_F0_P49,R3_F0,5,1
R3_F0_P49,R3_F0,6,1
R3_F0_P49,R3_F0,7,1
R3_F0_P49,R3_F0,8,1
R3_F0_P49,R3_F0,9,0
R3_F0_P49,R3_F0,10,0
R3_F0_P49,R3_F0,11,1
R3_F0_P49,R3_F0,12,0
R3_F0_P49,R3_F0,13,0
R3_F0_P49,R3_F0,14,1
R3_F0_P49,R3_F0,15,1
R3_F0_P49,R3_F0,16,1
R3_F0_P49,R3_F0,17,1
R3_F0_P49,R3_F0,18,0
R3_F0_P49,R3_F0,19,1
R3_F0_P49,R3_F0,20,1
R3_F0_P50,R3_F0,1,0
R3_F0_P50,R3_F0,2,0
R3_F0_P50,R3_F0,3,0
R3_F0_P50,R3_F0,4,1
R3_F0_P50,R3_F0,5,0
R3_F0_P50,R3_F0,6,0
R3_F0_P50,R3_F0,7,0
R3_F0_P50,R3_F0,8,0
R3_F0_P50,R3_F0,9,0
R3_F0_P50,R3_F0,10,0
R3_F0_P50,R3_F0,11,0
R3_F0_P50,R3_F0,12,0
R3_F0_P50,R3_F0,13,0
R3_F0_P50,R3_F0,14,0
R3_F0_P50,R3_F0,15,0
R3_F0_P50,R3_F0,16,1
R3_F0_P50,R3_F0,17,1
R3_F0_P50,R3_F0,18,0
R3_F0_P50,R3_F0,19,0
R3_F0_P50,R3_F0,20,0